cora,4,0.01,0.8400
cora,4,0.01,0.8400
cora,4,0.01,0.8600
cora,4,0.01,0.8600
cora,4,0.01,0.8700
cora,4,0.01,0.8650
cora,4,0.01,0.8600
cora,4,0.01,0.8700
citeseer,4,0.01,0.7850
citeseer,4,0.01,0.7800
citeseer,4,0.01,0.7750
citeseer,4,0.01,0.7600
citeseer,4,0.01,0.7800
pubmed,4,0.01,0.7600
pubmed,4,0.01,0.8150
pubmed,4,0.01,0.7250
pubmed,4,0.01,0.7700
cora,4,0.01,0.8150
cora,4,0.01,0.8650
cora,4,0.01,0.8200
cora,4,0.01,0.8600
citeseer,4,0.01,0.7750
citeseer,4,0.01,0.7800
citeseer,4,0.01,0.7600
citeseer,4,0.01,0.7800
pubmed,4,0.01,0.7700
pubmed,4,0.01,0.7250
pubmed,4,0.01,0.7600
pubmed,4,0.01,0.8150
pubmed,4,0.01,0.8850
pubmed,4,0.01,0.8550
pubmed,4,0.01,0.8250
pubmed,4,0.01,0.8550
cora,4,0.01,0.8600
cora,4,0.01,0.8300
cora,4,0.01,0.8750
cora,4,0.01,0.8750
citeseer,4,0.01,0.7750
citeseer,4,0.01,0.7500
citeseer,4,0.01,0.7300
citeseer,4,0.01,0.7600
computers,4,0.01,0.7250
cora,4,0.01,0.8150
computers,4,0.01,0.8100
computers,4,0.01,0.8176
computers,4,0.01,0.3600
computers,4,0.01,0.8600
computers,4,0.01,0.8335
computers,4,0.01,0.8509
computers,4,0.01,0.8324
computers,4,0.01,0.8582
computers,4,0.01,0.8341
computers,4,0.01,0.8611
computers,4,0.01,0.8488
computers,4,0.01,0.8462
computers,4,0.01,0.8288
computers,4,0.01,0.8662
computers,4,0.01,0.8215
computers,4,0.01,0.8604
computers,4,0.01,0.8625
computers,4,0.01,0.8470
computers,4,0.01,0.8611
computers,4,0.01,0.7905
computers,4,0.01,0.8480
computers,4,0.01,0.8131
cora,4,0.01,0.8522
cora,4,0.01,0.6914
cora,4,0.01,0.8522
cora,4,0.01,0.6914
cora,4,0.01,0.8522
cora,4,0.01,0.8522
cora,4,0.01,0.6914
cora,4,0.01,0.8522
cora,4,0.01,0.6914
cora,4,0.01,0.8522
cora,4,0.01,0.6914
cora,4,0.01,0.8522
cora,4,0.01,0.6914
cora,4,0.01,0.8522
cora,4,0.01,0.6914
cora,4,0.01,0.8522
cora,4,0.01,0.8522
cora,4,0.01,0.6914
cora,4,0.01,0.8522
cora,4,0.01,0.6914
cora,4,0.01,0.8522
cora,4,0.01,0.6914
cora,4,0.01,0.8522
cora,4,0.01,0.6914
cora,4,0.01,0.8522
cora,4,0.01,0.6914
cora,4,0.01,0.8522
cora,4,0.01,0.6914
cora,4,0.01,0.8522
cora,4,0.01,0.8522
cora,4,0.01,0.8522
cora,4,0.01,0.6914
cora,4,0.01,0.8596
cora,4,0.01,0.6273
cora,4,0.01,0.8522
cora,4,0.01,0.6914
cora,4,0.01,0.8522
cora,4,0.01,0.6944
citeseer,4,0.01,0.7655
citeseer,4,0.01,0.6131
citeseer,4,0.01,0.7645
citeseer,4,0.01,0.6647
cora,4,0.01,0.8510
cora,4,0.01,0.7857
cora,4,0.01,0.8510
cora,4,0.01,0.7857
cora,4,0.01,0.8621
cora,4,0.01,0.6062
cora,4,0.01,0.8621
cora,4,0.01,0.8119
cora,4,0.01,0.8522
cora,4,0.01,0.8005
cora,4,0.01,0.8571
cora,4,0.01,0.6728
citeseer,4,0.01,0.7745
citeseer,4,0.01,0.6482
citeseer,4,0.01,0.7675
citeseer,4,0.01,0.6131
citeseer,4,0.01,0.7745
citeseer,4,0.01,0.6482
pubmed,4,0.01,0.7390
pubmed,4,0.01,0.7718
pubmed,4,0.01,0.7386
pubmed,4,0.01,0.7718
pubmed,4,0.01,0.7391
pubmed,4,0.01,0.7718
computers,4,0.01,0.8522
computers,4,0.01,0.8070
computers,4,0.01,0.8582
computers,4,0.01,0.8325
cora,4,0.01,0.8534
cora,4,0.01,0.6914
cora,4,0.01,0.8534
cora,4,0.01,0.6914
cora,4,0.01,0.8534
cora,4,0.01,0.6914
cora,4,0.01,0.8534
cora,4,0.01,0.6914
cora,4,0.01,0.8534
cora,4,0.01,0.6914
cora,4,0.01,0.8534
cora,4,0.01,0.8534
cora,4,0.01,0.8534
cora,4,0.01,0.8534
cora,4,0.01,0.8534
cora,4,0.01,0.6914
cora,4,0.01,0.8534
cora,4,0.01,0.6914
cora,4,0.01,0.8534
cora,4,0.01,0.6914
cora,4,0.01,0.8534
cora,4,0.01,0.6914
cora,4,0.01,0.8534
cora,4,0.01,0.6914
cora,4,0.01,0.8534
cora,4,0.01,0.6914
cora,4,0.01,0.8534
cora,4,0.01,0.6914
cora,4,0.01,0.8615
cora,4,0.01,0.6481
cora,4,0.01,0.8615
cora,4,0.01,0.6481
cora,4,0.01,0.8523
cora,4,0.01,0.7384
cora,4,0.01,0.8523
cora,4,0.01,0.7384
cora,4,0.01,0.8523
cora,4,0.01,0.7454
cora,4,0.01,0.8532
cora,4,0.01,0.7384
cora,4,0.01,0.8541
cora,4,0.01,0.7384
cora,4,0.01,0.8504
cora,4,0.01,0.7731
pubmed,4,0.01,0.7420
pubmed,4,0.01,0.7594
pubmed,4,0.1,0.4878
pubmed,4,0.1,0.5517
pubmed,4,0.1,0.6842
pubmed,4,0.1,0.7651
pubmed,4,0.01,0.7330
pubmed,4,0.01,0.7555
pubmed,4,0.01,0.8648
pubmed,4,0.01,0.8133
computers,4,0.01,0.8617
computers,4,0.01,0.8549
cora,4,0.01,0.8458
cora,4,0.01,0.7384
cora,4,0.01,0.8356
cora,4,0.01,0.7292
cora,4,0.01,0.8523
cora,4,0.01,0.7454
cora,4,0.01,0.8421
cora,4,0.01,0.7708
cora,4,0.01,0.8294
cora,4,0.01,0.7202
cora,4,0.01,0.8294
cora,4,0.01,0.7202
cora,4,0.01,0.8294
cora,4,0.01,0.7346
cora,4,0.01,0.8294
cora,4,0.01,0.8294
cora,4,0.01,0.7572
cora,4,0.01,0.8294
cora,4,0.01,0.7428
cora,4,0.01,0.8294
cora,4,0.01,0.7428
cora,4,0.01,0.8294
cora,4,0.01,0.7387
cora,4,0.01,0.8294
cora,4,0.01,0.7346
cora,4,0.01,0.8294
cora,4,0.01,0.7202
cora,4,0.01,0.8294
cora,4,0.01,0.7305
cora,4,0.01,0.8294
cora,4,0.01,0.7305
cora,4,0.01,0.8294
cora,4,0.01,0.8294
cora,4,0.01,0.7346
cora,4,0.01,0.8294
cora,4,0.01,0.7202
cora,4,0.01,0.8294
cora,4,0.01,0.8294
cora,4,0.01,0.7346
cora,4,0.01,0.8294
cora,4,0.01,0.8294
cora,4,0.01,0.7346
cora,4,0.01,0.8294
cora,4,0.01,0.7346
cora,4,0.01,0.8491
cora,4,0.01,0.7634
cora,4,0.01,0.8515
cora,4,0.01,0.7675
cora,4,0.01,0.8523
cora,4,0.01,0.7675
cora,4,0.01,0.8523
cora,4,0.01,0.8515
cora,4,0.01,0.8515
cora,4,0.01,0.7675
cora,4,0.01,0.8515
cora,4,0.01,0.7675
cora,4,0.01,0.8507
cora,4,0.01,0.7963
computers,4,0.01,0.8602
computers,4,0.01,0.8496
cora,4,0.01,0.8441
cora,4,0.01,0.7984
cora,4,0.01,0.8605
cora,4,0.01,0.8597
cora,4,0.01,0.8491
cora,4,0.01,0.8491
cora,4,0.01,0.8491
cora,4,0.01,0.7510
cora,4,0.01,0.8491
cora,4,0.01,0.7510
cora,4,0.01,0.8491
cora,4,0.01,0.7510
cora,4,0.01,0.8491
cora,4,0.01,0.7510
cora,4,0.01,0.8515
cora,4,0.01,0.7572
cora,4,0.01,0.8523
cora,4,0.01,0.7593
cora,4,0.01,0.8515
cora,4,0.01,0.8515
cora,4,0.01,0.7654
cora,4,0.01,0.8523
cora,4,0.01,0.8515
cora,4,0.01,0.7654
cora,4,0.01,0.8515
cora,4,0.01,0.7654
cora,4,0.01,0.8515
cora,4,0.01,0.7798
cora,4,0.01,0.7428
cora,4,0.01,0.7634
cora,4,0.01,0.7160
cora,4,0.01,0.7881
cora,4,0.01,0.7428
cora,4,0.01,0.7798
cora,4,0.01,0.7942
cora,4,0.01,0.7984
cora,4,0.01,0.7819
pubmed,4,0.01,0.7353
pubmed,4,0.01,0.7520
pubmed,4,0.01,0.7859
pubmed,4,0.01,0.7560
pubmed,4,0.01,0.7625
pubmed,4,0.01,0.7323
pubmed,4,0.01,0.7661
pubmed,4,0.01,0.7484
pubmed,4,0.01,0.7678
pubmed,4,0.01,0.7715
pubmed,4,0.01,0.7608
citeseer,4,0.01,0.7448
citeseer,4,0.01,0.7057
citeseer,4,0.01,0.6689
citeseer,4,0.01,0.6706
citeseer,4,0.01,0.6555
citeseer,4,0.01,0.6622
citeseer,4,0.01,0.6706
citeseer,4,0.01,0.6890
citeseer,4,0.01,0.6773
citeseer,4,0.01,0.6639
citeseer,4,0.01,0.6656
computers,4,0.01,0.8667
computers,4,0.01,0.8609
computers,4,0.01,0.8524
computers,4,0.01,0.8391
computers,4,0.01,0.8751
computers,4,0.01,0.8536
computers,4,0.01,0.8698
computers,4,0.01,0.8605
computers,4,0.01,0.8569
computers,4,0.01,0.8544
computers,4,0.01,0.8540
computers,4,0.01,0.8668
computers,4,0.01,0.8637
computers,4,0.01,0.8629
computers,4,0.01,0.8605
computers,4,0.01,0.8662
computers,4,0.01,0.8593
computers,4,0.01,0.8666
computers,4,0.01,0.8629
computers,4,0.01,0.8682
computers,4,0.01,0.8666
computers,4,0.01,0.8552
photo,4,0.01,0.9175
photo,4,0.01,0.8983
photo,4,0.01,0.9135
photo,4,0.01,0.9113
photo,4,0.01,0.9106
photo,4,0.01,0.9113
photo,4,0.01,0.9121
photo,4,0.01,0.8990
photo,4,0.01,0.9012
photo,4,0.01,0.9048
photo,4,0.01,0.9026
cora,4,0.01,0.7840
cora,4,0.01,0.7798
cora,4,0.01,0.7778
cora,4,0.01,0.7798
cora,4,0.01,0.7428
cora,4,0.01,0.7634
cora,4,0.01,0.7181
cora,4,0.01,0.7901
cora,4,0.01,0.7428
cora,4,0.01,0.7798
cora,4,0.01,0.7942
cora,4,0.01,0.7984
cora,4,0.01,0.7819
cora,4,0.01,0.7947
cora,4,0.01,0.8030
cora,4,0.01,0.7800
cora,4,0.01,0.7783
cora,4,0.01,0.8194
cora,4,0.01,0.8144
cora,4,0.01,0.7833
cora,4,0.01,0.7997
cora,4,0.01,0.8013
cora,4,0.01,0.8259
cora,4,0.01,0.8243
cora,4,0.01,0.7980
cora,4,0.0001,0.7931
cora,4,0.0001,0.7931
cora,4,0.0001,0.8259
cora,4,0.0001,0.8161
cora,4,0.0001,0.7980
cora,4,0.0001,0.7931
cora,4,0.0001,0.7931
cora,4,0.0001,0.8259
cora,4,0.0001,0.7931
cora,4,0.0001,0.7931
cora,4,0.0001,0.8259
cora,4,0.0001,0.8161
cora,4,0.0001,0.7931
cora,4,0.0001,0.7931
cora,4,0.0001,0.8259
cora,4,0.0001,0.8161
cora,4,0.0001,0.7980
cora,4,0.0001,0.7849
cora,4,0.0001,0.8013
cora,4,0.0001,0.7915
cora,4,0.0001,0.8243
cora,4,0.0001,0.8243
cora,4,0.0001,0.8276
cora,4,0.0001,0.7931
cora,4,0.0001,0.7931
cora,4,0.0001,0.7931
cora,4,0.0001,0.7931
cora,4,0.0001,0.8259
cora,4,0.0001,0.8161
cora,4,0.0001,0.7980
cora,4,0.0001,0.7849
cora,4,0.0001,0.8013
cora,4,0.0001,0.7915
cora,4,0.0001,0.8243
cora,4,0.0001,0.8243
cora,4,0.0001,0.8276
citeseer,4,0.0001,0.7193
citeseer,4,0.0001,0.7193
citeseer,4,0.0001,0.6832
citeseer,4,0.0001,0.7086
citeseer,4,0.0001,0.6872
citeseer,4,0.0001,0.6751
citeseer,4,0.0001,0.6992
citeseer,4,0.0001,0.6965
citeseer,4,0.0001,0.6872
citeseer,4,0.0001,0.7059
citeseer,4,0.0001,0.6671
pubmed,4,0.0001,0.8073
pubmed,4,0.0001,0.8073
pubmed,4,0.0001,0.7852
pubmed,4,0.0001,0.8068
pubmed,4,0.0001,0.7935
pubmed,4,0.0001,0.8052
pubmed,4,0.0001,0.7795
pubmed,4,0.0001,0.7885
pubmed,4,0.0001,0.8034
pubmed,4,0.0001,0.7847
pubmed,4,0.0001,0.8120
computers,4,0.0001,0.8429
computers,4,0.0001,0.8429
computers,4,0.0001,0.8429
computers,4,0.0001,0.8432
computers,4,0.0001,0.8429
computers,4,0.0001,0.8429
computers,4,0.0001,0.8442
computers,4,0.0001,0.8474
computers,4,0.0001,0.8649
computers,4,0.0001,0.8636
computers,4,0.0001,0.8542
computers,4,0.0001,0.8423
computers,4,0.0001,0.8571
computers,4,0.0001,0.8539
computers,4,0.0001,0.8478
cora,4,0.0001,0.7931
cora,4,0.0001,0.8013
cora,4,0.0001,0.8259
cora,4,0.0001,0.8259
cora,4,0.0001,0.8161
cora,4,0.0001,0.8292
cora,4,0.0001,0.7980
cora,4,0.0001,0.8374
cora,4,0.0001,0.7849
cora,4,0.0001,0.7964
cora,4,0.0001,0.8013
cora,4,0.0001,0.8292
cora,4,0.0001,0.7915
cora,4,0.0001,0.8177
cora,4,0.0001,0.7931
cora,4,0.0001,0.8013
cora,4,0.0001,0.8259
cora,4,0.0001,0.8259
cora,4,0.0001,0.8161
cora,4,0.0001,0.8292
cora,4,0.0001,0.7980
cora,4,0.0001,0.8374
cora,4,0.0001,0.7849
cora,4,0.0001,0.7964
cora,4,0.0001,0.8013
cora,4,0.0001,0.8292
cora,4,0.0001,0.7915
cora,4,0.0001,0.8177
cora,4,0.0001,0.8243
cora,4,0.0001,0.7997
cora,4,0.0001,0.8243
cora,4,0.0001,0.8144
cora,4,0.0001,0.8276
cora,4,0.0001,0.8030
citeseer,4,0.0001,0.7193
citeseer,4,0.0001,0.6965
citeseer,4,0.0001,0.6832
citeseer,4,0.0001,0.6858
citeseer,4,0.0001,0.7086
citeseer,4,0.0001,0.6885
citeseer,4,0.0001,0.6872
citeseer,4,0.0001,0.7233
citeseer,4,0.0001,0.6751
citeseer,4,0.0001,0.6952
citeseer,4,0.0001,0.6992
citeseer,4,0.0001,0.6671
citeseer,4,0.0001,0.6965
citeseer,4,0.0001,0.7112
citeseer,4,0.0001,0.6872
citeseer,4,0.0001,0.6979
citeseer,4,0.0001,0.7059
citeseer,4,0.0001,0.7246
citeseer,4,0.0001,0.6671
citeseer,4,0.0001,0.7139
pubmed,4,0.0001,0.8073
pubmed,4,0.0001,0.7876
pubmed,4,0.0001,0.7852
pubmed,4,0.0001,0.7951
pubmed,4,0.0001,0.8068
pubmed,4,0.0001,0.7773
pubmed,4,0.0001,0.7935
pubmed,4,0.0001,0.7933
pubmed,4,0.0001,0.8052
pubmed,4,0.0001,0.7908
pubmed,4,0.0001,0.7795
pubmed,4,0.0001,0.7836
pubmed,4,0.0001,0.7885
pubmed,4,0.0001,0.7944
pubmed,4,0.0001,0.8034
pubmed,4,0.0001,0.7838
pubmed,4,0.0001,0.7847
pubmed,4,0.0001,0.7892
pubmed,4,0.0001,0.8120
pubmed,4,0.0001,0.7994
computers,4,0.0001,0.8429
computers,4,0.0001,0.8442
computers,4,0.0001,0.8426
computers,4,0.0001,0.8478
computers,4,0.0001,0.8639
computers,4,0.0001,0.8649
computers,4,0.0001,0.8520
cora,10,0.0001,0.1691
computers,4,0.0001,0.8636
cora,10,0.0001,0.1708
computers,4,0.0001,0.8426
computers,4,0.0001,0.8542
computers,4,0.0001,0.8462
computers,4,0.0001,0.8423
computers,4,0.0001,0.8497
computers,4,0.0001,0.8571
computers,4,0.0001,0.8555
computers,4,0.0001,0.8539
computers,4,0.0001,0.8326
computers,4,0.0001,0.8478
computers,4,0.0001,0.8516
computers,4,0.0001,0.8423
photo,10,0.0001,0.9105
photo,10,0.0001,0.9157
photo,10,0.0001,0.9302
photo,10,0.0001,0.9116
photo,10,0.0001,0.9186
photo,10,0.0001,0.9163
photo,10,0.0001,0.9087
photo,10,0.0001,0.9192
photo,10,0.0001,0.9203
photo,10,0.0001,0.9314
photo,10,0.0001,0.9250
photo,10,0.0001,0.9116
photo,10,0.0001,0.9215
photo,10,0.0001,0.9110
photo,10,0.0001,0.9215
photo,10,0.0001,0.9291
photo,10,0.0001,0.9052
photo,10,0.0001,0.9244
photo,10,0.0001,0.9186
photo,10,0.0001,0.9116
cs,10,0.0001,0.9122
cs,10,0.0001,0.9248
cs,10,0.0001,0.9117
cs,10,0.0001,0.9168
cs,10,0.0001,0.9207
cs,10,0.0001,0.9125
cs,10,0.0001,0.9168
cs,10,0.0001,0.9149
cs,10,0.0001,0.9173
cs,10,0.0001,0.9129
cs,10,0.0001,0.9173
cs,10,0.0001,0.9188
cs,10,0.0001,0.9161
cs,10,0.0001,0.9149
cs,10,0.0001,0.9178
cs,10,0.0001,0.9100
cs,10,0.0001,0.9166
cs,10,0.0001,0.9086
cs,10,0.0001,0.9132
cs,10,0.0001,0.9144
physics,10,0.0001,0.9526
physics,10,0.0001,0.9526
physics,10,0.0001,0.9528
physics,10,0.0001,0.9524
physics,10,0.0001,0.9490
physics,10,0.0001,0.9497
physics,10,0.0001,0.9524
physics,10,0.0001,0.9523
physics,10,0.0001,0.9536
physics,10,0.0001,0.9509
physics,10,0.0001,0.9501
physics,10,0.0001,0.9519
physics,10,0.0001,0.9536
physics,10,0.0001,0.9545
physics,10,0.0001,0.9508
physics,10,0.0001,0.9486
physics,10,0.0001,0.9546
physics,10,0.0001,0.9505
physics,10,0.0001,0.9508
physics,10,0.0001,0.9494
pubmed,10,0.0001,0.8073
pubmed,10,0.0001,0.7876
pubmed,10,0.0001,0.8073
pubmed,10,0.0001,0.7876
pubmed,10,0.0001,0.7852
pubmed,10,0.0001,0.7951
pubmed,10,0.0001,0.8068
pubmed,10,0.0001,0.7773
pubmed,10,0.0001,0.7935
pubmed,10,0.0001,0.7933
pubmed,10,0.0001,0.8052
pubmed,10,0.0001,0.7908
pubmed,10,0.0001,0.7795
pubmed,10,0.0001,0.7836
pubmed,10,0.0001,0.7885
pubmed,10,0.0001,0.7944
pubmed,10,0.0001,0.8034
pubmed,10,0.0001,0.7838
pubmed,10,0.0001,0.7847
pubmed,10,0.0001,0.7892
pubmed,10,0.0001,0.8120
pubmed,10,0.0001,0.7994
pubmed,10,0.01,0.8084
pubmed,10,0.01,0.8278
pubmed,10,0.01,0.8151
pubmed,10,0.01,0.8197
pubmed,10,0.01,0.8235
pubmed,10,0.01,0.8321
pubmed,10,0.01,0.8172
pubmed,10,0.01,0.8106
pubmed,10,0.01,0.8269
citeseer,10,0.0001,0.7193
citeseer,10,0.0001,0.6965
citeseer,10,0.0001,0.6832
citeseer,10,0.0001,0.6858
citeseer,10,0.0001,0.7086
citeseer,10,0.0001,0.6885
citeseer,10,0.0001,0.6872
citeseer,10,0.0001,0.7233
citeseer,10,0.0001,0.6751
citeseer,10,0.0001,0.6952
citeseer,10,0.0001,0.6992
citeseer,10,0.0001,0.6671
citeseer,10,0.0001,0.6965
citeseer,10,0.0001,0.7112
citeseer,10,0.0001,0.6872
citeseer,10,0.0001,0.6979
citeseer,10,0.0001,0.7059
citeseer,10,0.0001,0.7246
citeseer,10,0.0001,0.6671
citeseer,10,0.0001,0.7139
computers,10,0.01,0.9011
computers,10,0.01,0.8963
computers,10,0.01,0.8917
computers,10,0.01,0.8917
computers,10,0.01,0.8927
computers,10,0.01,0.8908
computers,10,0.01,0.8869
computers,10,0.01,0.8862
computers,10,0.01,0.8833
computers,10,0.01,0.8985
computers,10,0.01,0.8937
computers,10,0.01,0.8672
computers,10,0.01,0.8853
computers,10,0.01,0.8833
computers,10,0.01,0.8869
computers,10,0.01,0.9017
computers,10,0.01,0.8982
computers,10,0.01,0.8930
computers,10,0.01,0.8969
computers,10,0.01,0.8950
pubmed,10,0.0001,0.8073
pubmed,10,0.0001,0.7876
pubmed,10,0.0001,0.7852
pubmed,10,0.0001,0.7951
pubmed,10,0.0001,0.8073
pubmed,10,0.0001,0.7876
pubmed,10,0.0001,0.7852
pubmed,10,0.0001,0.7951
pubmed,10,0.0001,0.8068
pubmed,10,0.0001,0.7773
pubmed,10,0.0001,0.7935
pubmed,10,0.0001,0.7933
pubmed,10,0.0001,0.8052
pubmed,10,0.0001,0.7908
pubmed,10,0.0001,0.8073
pubmed,10,0.0001,0.7876
pubmed,10,0.0001,0.8073
pubmed,10,0.0001,0.7876
pubmed,10,0.0001,0.8073
pubmed,10,0.0001,0.7876
pubmed,10,0.0001,0.8075
pubmed,10,0.0001,0.7876
pubmed,10,0.0001,0.8075
pubmed,10,0.0001,0.7876
pubmed,10,0.0001,0.8075
pubmed,10,0.0001,0.7876
pubmed,10,0.0001,0.7852
pubmed,10,0.0001,0.7955
pubmed,10,0.0001,0.8068
pubmed,10,0.0001,0.8075
pubmed,10,0.0001,0.7876
pubmed,10,0.0001,0.8075
pubmed,10,0.0001,0.7876
pubmed,10,0.0001,0.7852
pubmed,10,0.0001,0.7955
pubmed,10,0.0001,0.8068
pubmed,10,0.0001,0.7771
pubmed,10,0.0001,0.7933
pubmed,10,0.0001,0.7928
pubmed,10,0.0001,0.8050
pubmed,10,0.0001,0.7908
pubmed,10,0.0001,0.7795
pubmed,10,0.0001,0.7838
pubmed,10,0.0001,0.7885
pubmed,10,0.0001,0.7944
pubmed,10,0.0001,0.8034
pubmed,10,0.0001,0.7840
pubmed,10,0.0001,0.7852
pubmed,10,0.0001,0.7890
pubmed,10,0.0001,0.8122
pubmed,10,0.0001,0.7991
pubmed,10,0.01,0.8111
pubmed,10,0.01,0.8248
pubmed,10,0.01,0.8149
pubmed,10,0.01,0.8183
pubmed,10,0.01,0.8246
pubmed,10,0.01,0.8359
pubmed,10,0.01,0.8167
pubmed,10,0.01,0.8113
pubmed,10,0.01,0.8230
pubmed,10,0.01,0.8192
pubmed,10,0.01,0.8154
pubmed,10,0.01,0.8275
pubmed,10,0.01,0.8154
pubmed,10,0.01,0.8280
pubmed,10,0.01,0.8188
pubmed,10,0.01,0.8190
pubmed,10,0.01,0.8124
pubmed,10,0.01,0.8300
pubmed,10,0.01,0.8210
pubmed,10,0.01,0.8179
computers,10,0.01,0.9014
computers,10,0.01,0.8998
computers,10,0.01,0.8901
computers,10,0.01,0.8927
computers,10,0.01,0.8953
computers,10,0.01,0.8846
computers,10,0.01,0.8840
computers,10,0.01,0.9001
computers,10,0.01,0.8950
computers,10,0.01,0.8992
computers,10,0.01,0.8920
computers,10,0.01,0.8885
computers,10,0.01,0.8908
computers,10,0.01,0.9092
computers,10,0.01,0.8933
computers,10,0.01,0.8940
computers,10,0.01,0.9043
computers,10,0.01,0.8975
computers,10,0.02,0.8953
computers,10,0.02,0.8701
computers,10,0.02,0.8190
computers,10,0.02,0.8904
computers,10,0.02,0.8924
computers,10,0.02,0.4392
computers,10,0.02,0.8830
computers,10,0.02,0.8849
cora,10,0.01,0.5993
cora,10,0.01,0.7931
cora,10,0.01,0.5747
cora,10,0.01,0.7947
computers,10,0.02,0.8840
cora,10,0.01,0.5944
cora,10,0.01,0.7800
computers,10,0.02,0.8917
cora,10,0.01,0.5567
computers,10,0.02,0.8946
cora,10,0.01,0.8144
computers,10,0.02,0.8849
cora,10,0.01,0.6043
cora,10,0.01,0.8046
cora,10,0.01,0.5747
cora,10,0.01,0.8013
cora,10,0.01,0.5550
computers,10,0.02,0.8539
cora,10,0.01,0.7750
computers,10,0.02,0.9005
cora,10,0.01,0.5599
cora,10,0.01,0.7734
computers,10,0.02,0.8895
cora,10,0.01,0.6371
cora,10,0.01,0.7767
computers,10,0.02,0.8937
cora,10,0.01,0.5583
cora,10,0.01,0.7849
computers,10,0.02,0.8943
computers,10,0.02,0.8087
computers,10,0.02,0.8836
computers,10,0.02,0.8911
photo,10,0.01,0.9343
cs,10,0.02,0.8999
photo,10,0.01,0.9203
cs,10,0.02,0.9071
photo,10,0.01,0.9372
photo,10,0.01,0.9314
cs,10,0.02,0.9011
photo,10,0.01,0.9378
cs,10,0.02,0.9018
photo,10,0.01,0.9273
photo,10,0.01,0.9209
photo,10,0.01,0.9326
cs,10,0.02,0.9083
photo,10,0.01,0.9209
cs,10,0.02,0.9052
photo,10,0.01,0.9372
photo,10,0.01,0.9279
photo,10,0.01,0.9198
cs,10,0.02,0.8999
photo,10,0.01,0.9291
cs,10,0.02,0.8965
photo,10,0.01,0.9285
photo,10,0.01,0.9355
photo,10,0.01,0.9378
cs,10,0.02,0.9074
photo,10,0.01,0.9221
cs,10,0.02,0.9003
photo,10,0.01,0.9250
photo,10,0.01,0.9209
photo,10,0.01,0.9256
cs,10,0.02,0.9059
cs,10,0.02,0.9069
cs,10,0.02,0.9057
cs,10,0.02,0.9071
cs,10,0.02,0.9074
cs,10,0.02,0.8943
cs,10,0.02,0.9025
cs,10,0.02,0.8928
cs,10,0.02,0.9204
cs,10,0.02,0.9222
cs,10,0.02,0.9158
cs,10,0.02,0.9291
cs,10,0.02,0.9243
cs,10,0.02,0.9189
cs,10,0.02,0.9240
cs,10,0.02,0.9259
cs,10,0.02,0.9223
cs,10,0.02,0.9240
cs,10,0.02,0.9245
photo,10,0.03,0.9267
photo,10,0.03,0.9425
cs,10,0.02,0.9206
photo,10,0.03,0.9296
photo,10,0.03,0.9216
photo,10,0.03,0.9133
photo,10,0.03,0.9147
cs,10,0.02,0.9185
photo,10,0.03,0.9244
cs,10,0.02,0.9254
photo,10,0.03,0.9338
photo,10,0.03,0.9186
photo,10,0.03,0.9321
cs,10,0.02,0.9209
photo,10,0.03,0.9290
cs,10,0.02,0.9261
photo,10,0.03,0.9548
photo,10,0.03,0.9220
photo,10,0.03,0.7777
cs,10,0.02,0.9224
photo,10,0.03,0.8592
photo,10,0.03,0.9338
cs,10,0.02,0.9213
photo,10,0.03,0.9407
photo,10,0.03,0.9286
photo,10,0.03,0.9313
photo,10,0.03,0.9350
cs,10,0.02,0.9243
cs,10,0.02,0.9244
photo,10,0.05,0.2327
photo,10,0.05,0.5363
photo,10,0.05,0.9104
photo,10,0.05,0.8334
photo,10,0.05,0.8056
photo,10,0.05,0.6114
photo,10,0.01,0.9395
photo,10,0.01,0.9437
cs,10,0.01,0.9195
cs,10,0.01,0.9227
photo,10,0.01,0.9302
photo,10,0.01,0.9396
photo,10,0.01,0.9354
photo,10,0.01,0.9412
photo,10,0.01,0.9396
physics,10,0.01,0.9571
physics,10,0.01,0.9507
photo,10,0.01,0.9302
photo,10,0.01,0.9408
photo,10,0.01,0.9342
photo,10,0.01,0.9368
physics,10,0.01,0.9546
physics,10,0.01,0.9505
photo,10,0.01,0.9418
photo,10,0.01,0.9350
physics,10,0.01,0.9522
physics,10,0.01,0.9516
physics,10,0.01,0.9568
physics,10,0.01,0.9514
physics,10,0.01,0.9534
physics,10,0.01,0.9562
physics,10,0.01,0.9562
physics,10,0.01,0.9562
physics,10,0.01,0.9536
physics,10,0.01,0.9567
physics,10,0.01,0.9545
physics,10,0.01,0.9530
physics,10,0.01,0.9554
physics,10,0.01,0.9490
physics,10,0.01,0.9515
physics,10,0.01,0.9544
computers,10,0.01,0.8955
computers,10,0.01,0.9002
computers,10,0.01,0.9085
computers,10,0.01,0.9079
computers,10,0.01,0.9059
computers,10,0.01,0.8602
computers,10,0.01,0.8984
computers,10,0.01,0.9002
computers,10,0.01,0.9023
computers,10,0.01,0.9089
computers,10,0.01,0.9059
computers,10,0.01,0.8973
computers,10,0.01,0.8981
computers,10,0.01,0.8976
computers,10,0.01,0.9001
computers,10,0.01,0.8937
computers,10,0.01,0.9030
computers,10,0.01,0.8957
computers,10,0.01,0.8997
computers,10,0.01,0.9073
computers,10,0.02,0.8713
photo,10,0.02,0.9418
computers,10,0.02,0.8986
photo,10,0.02,0.9501
computers,10,0.02,0.8997
computers,10,0.02,0.8995
photo,10,0.02,0.9325
photo,10,0.02,0.9385
computers,10,0.02,0.8987
computers,10,0.02,0.8925
computers,10,0.02,0.8492
photo,10,0.02,0.9348
computers,10,0.02,0.9054
photo,10,0.02,0.9217
photo,10,0.02,0.9372
photo,10,0.02,0.9321
photo,10,0.02,0.9360
computers,10,0.01,0.9075
photo,10,0.01,0.9401
computers,10,0.01,0.9015
photo,10,0.01,0.9425
photo,10,0.01,0.9279
photo,10,0.01,0.9379
photo,10,0.01,0.9342
photo,10,0.01,0.9258
computers,10,0.01,0.8972
computers,10,0.01,0.9052
photo,10,0.01,0.9366
computers,10,0.01,0.8976
photo,10,0.01,0.9396
photo,10,0.01,0.9302
photo,10,0.01,0.9234
photo,10,0.01,0.9261
computers,10,0.01,0.9075
photo,10,0.01,0.9339
computers,10,0.01,0.9102
photo,10,0.01,0.9401
computers,10,0.01,0.9046
photo,10,0.01,0.9298
computers,10,0.01,0.9070
photo,10,0.005,0.9378
computers,10,0.005,0.9075
photo,10,0.005,0.9454
computers,10,0.002,0.9085
photo,10,0.005,0.9226
computers,10,0.002,0.9050
photo,10,0.005,0.9402
photo,10,0.005,0.9354
computers,10,0.002,0.9062
photo,10,0.005,0.9292
computers,10,0.002,0.9112
photo,10,0.005,0.9366
photo,10,0.005,0.9257
computers,10,0.002,0.9071
computers,10,0.002,0.9025
photo,10,0.005,0.9314
photo,10,0.005,0.9367
computers,10,0.002,0.9036
photo,10,0.005,0.9278
computers,10,0.002,0.9031
photo,10,0.005,0.9536
photo,10,0.005,0.9261
computers,10,0.002,0.9075
photo,10,0.005,0.9309
computers,10,0.002,0.9073
photo,10,0.005,0.9319
photo,10,0.005,0.9275
photo,10,0.005,0.9500
computers,10,0.002,0.9037
computers,10,0.002,0.9008
photo,10,0.005,0.9344
photo,10,0.005,0.9191
computers,10,0.002,0.9026
photo,10,0.005,0.9426
computers,10,0.002,0.9025
computers,10,0.002,0.9124
computers,10,0.002,0.9044
photo,10,0.001,0.9372
photo,10,0.001,0.9443
photo,10,0.001,0.9250
photo,10,0.001,0.9350
computers,10,0.002,0.9014
computers,10,0.002,0.9050
photo,10,0.001,0.9348
photo,10,0.001,0.9310
computers,10,0.002,0.9117
photo,10,0.001,0.9407
computers,10,0.002,0.9080
photo,10,0.001,0.9286
computers,10,0.001,0.9075
photo,10,0.001,0.9290
computers,10,0.001,0.9028
photo,10,0.001,0.9385
photo,10,0.001,0.9313
photo,10,0.001,0.9513
computers,10,0.001,0.9062
computers,10,0.001,0.9092
photo,10,0.001,0.9238
photo,10,0.001,0.9269
photo,10,0.001,0.9366
computers,10,0.001,0.9084
photo,10,0.001,0.9338
computers,10,0.001,0.9038
photo,10,0.001,0.9535
photo,10,0.001,0.9326
computers,10,0.001,0.9049
photo,10,0.001,0.9150
computers,10,0.001,0.9057
photo,10,0.001,0.9449
computers,10,0.001,0.9088
computers,10,0.001,0.9112
computers,10,0.001,0.9072
computers,10,0.001,0.9021
cs,10,0.001,0.9185
cs,10,0.001,0.9261
computers,10,0.0001,0.9049
computers,10,0.0001,0.8995
cs,10,0.001,0.9148
cs,10,0.001,0.9276
cs,10,0.001,0.9282
cs,10,0.001,0.9230
computers,10,0.0005,0.9059
cs,10,0.001,0.9267
computers,10,0.0005,0.9018
cs,10,0.001,0.9300
cs,10,0.001,0.9272
cs,10,0.001,0.9267
computers,10,0.0005,0.9036
computers,10,0.0005,0.9086
cs,10,0.001,0.9277
cs,10,0.001,0.9247
cs,10,0.001,0.9216
cs,10,0.001,0.9278
computers,10,0.0005,0.9081
computers,10,0.0005,0.9009
cs,10,0.001,0.9245
cs,10,0.001,0.9300
cs,10,0.001,0.9253
cs,10,0.001,0.9230
computers,10,0.0005,0.9000
computers,10,0.0005,0.9009
cs,10,0.001,0.9270
cs,10,0.001,0.9247
computers,10,0.0005,0.9065
computers,10,0.0005,0.9096
computers,10,0.0005,0.9079
computers,10,0.0005,0.9044
computers,10,0.0005,0.9036
computers,10,0.0005,0.8996
computers,10,0.0005,0.9091
computers,10,0.0005,0.9037
computers,10,0.0005,0.9020
computers,10,0.0005,0.9031
computers,10,0.0005,0.9049
computers,10,0.0005,0.9064
flickr,10,0.0005,0.4482
flickr,10,0.0005,0.5227
flickr,10,0.0005,0.4520
flickr,10,0.0005,0.5214
flickr,10,0.0005,0.4586
flickr,10,0.0005,0.5205
flickr,10,0.0005,0.4518
flickr,10,0.0005,0.5190
flickr,10,0.0005,0.4421
flickr,10,0.0005,0.5218
flickr,10,0.0005,0.4438
flickr,10,0.0005,0.5254
flickr,10,0.0005,0.4505
flickr,10,0.0005,0.5194
flickr,10,0.0005,0.4495
flickr,10,0.0005,0.5165
flickr,10,0.0005,0.4463
flickr,10,0.0005,0.5178
flickr,10,0.0005,0.4352
flickr,10,0.0005,0.5219
cora,10,0.0001,0.8067
cora,10,0.0001,0.8067
cora,10,0.0001,0.8500
cora,10,0.0001,0.7983
cora,10,0.0001,0.8809
cora,10,0.0001,0.6780
cora,10,0.0001,0.8756
cora,10,0.0001,0.8333
cora,10,0.0001,0.8772
cora,10,0.0001,0.7966
cora,10,0.0001,0.8674
cora,10,0.0001,0.8319
cora,10,0.0001,0.8618
cora,10,0.0001,0.7627
cora,10,0.0001,0.8501
cora,10,0.0001,0.7731
cora,10,0.0001,0.8673
cora,10,0.0001,0.8376
cora,10,0.0001,0.8548
cora,10,0.0001,0.7767
cora,10,0.0001,0.7997
cora,10,0.0001,0.7833
cora,10,0.0001,0.7898
cora,10,0.0001,0.7931
cora,10,0.0001,0.7553
cora,10,0.0001,0.7685
cora,10,0.0001,0.7980
cora,10,0.0001,0.8013
cora,10,0.0001,0.7865
cora,10,0.0001,0.7734
cora,10,0.0001,0.8079
cora,10,0.0001,0.7767
cora,10,0.0001,0.7964
cora,10,0.0001,0.7849
cora,10,0.0001,0.8013
cora,10,0.0001,0.7734
cora,10,0.0001,0.7800
cora,10,0.0001,0.7668
cora,10,0.0001,0.7865
citeseer,10,0.0001,0.6925
citeseer,10,0.0001,0.6390
citeseer,10,0.0001,0.6578
citeseer,10,0.0001,0.6698
citeseer,10,0.0001,0.6765
citeseer,10,0.0001,0.6631
citeseer,10,0.0001,0.6684
citeseer,10,0.0001,0.6751
citeseer,10,0.0001,0.6631
citeseer,10,0.0001,0.6551
citeseer,10,0.0001,0.6845
citeseer,10,0.0001,0.6591
citeseer,10,0.0001,0.6898
citeseer,10,0.0001,0.6805
citeseer,10,0.0001,0.6992
citeseer,10,0.0001,0.6511
citeseer,10,0.0001,0.6832
citeseer,10,0.0001,0.7086
citeseer,10,0.0001,0.6872
citeseer,10,0.0001,0.6979
pubmed,10,0.0001,0.8422
pubmed,10,0.0001,0.8330
pubmed,10,0.0001,0.8366
pubmed,10,0.0001,0.8350
pubmed,10,0.0005,0.8390
pubmed,10,0.0005,0.8348
pubmed,10,0.0005,0.8379
pubmed,10,0.0005,0.8363
pubmed,10,0.0005,0.8417
pubmed,10,0.0005,0.8397
pubmed,10,0.0005,0.8433
pubmed,10,0.0005,0.8334
pubmed,10,0.0005,0.8363
pubmed,10,0.001,0.8210
pubmed,10,0.001,0.8226
pubmed,10,0.001,0.8275
pubmed,10,0.001,0.8287
pubmed,10,0.001,0.8309
pubmed,10,0.001,0.8287
pubmed,10,0.001,0.8294
pubmed,10,0.001,0.8217
pubmed,10,0.001,0.8316
pubmed,10,0.001,0.8266
pubmed,10,0.001,0.8287
pubmed,10,0.001,0.8208
pubmed,10,0.001,0.8226
pubmed,10,0.001,0.8271
pubmed,10,0.001,0.8291
pubmed,10,0.001,0.8307
pubmed,10,0.001,0.8287
pubmed,10,0.001,0.8291
pubmed,10,0.001,0.8219
pubmed,10,0.001,0.8309
pubmed,10,0.001,0.8269
pubmed,10,0.001,0.8289
pubmed,10,0.001,0.8255
pubmed,10,0.001,0.8194
pubmed,10,0.001,0.8300
pubmed,10,0.001,0.8253
pubmed,10,0.001,0.8314
pubmed,10,0.001,0.8170
pubmed,10,0.001,0.8275
pubmed,10,0.001,0.8294
pubmed,10,0.001,0.8345
pubmed,10,0.0012,0.8174
pubmed,10,0.0012,0.8206
pubmed,10,0.0012,0.8219
pubmed,10,0.0012,0.8244
pubmed,10,0.0012,0.8230
pubmed,10,0.0012,0.8217
pubmed,10,0.0012,0.8262
pubmed,10,0.0012,0.8203
pubmed,10,0.0012,0.8300
pubmed,10,0.0012,0.8217
pubmed,10,0.0012,0.8242
pubmed,10,0.0012,0.8197
pubmed,10,0.0012,0.8147
pubmed,10,0.0012,0.8291
pubmed,10,0.0012,0.8239
pubmed,10,0.0012,0.8257
pubmed,10,0.0012,0.8138
pubmed,10,0.0012,0.8235
pubmed,10,0.0012,0.8264
pubmed,10,0.0012,0.8312
flickr,10,0.0001,0.3936
flickr,10,0.0001,0.3981
flickr,10,0.0001,0.3859
flickr,10,0.0001,0.3946
flickr,10,0.0001,0.3899
flickr,10,0.0001,0.3779
flickr,10,0.0001,0.3844
flickr,10,0.0001,0.3871
flickr,10,0.0001,0.3959
flickr,10,0.0001,0.4118
flickr,10,0.0001,0.3670
flickr,10,0.0001,0.3954
flickr,10,0.0001,0.3807
flickr,10,0.0001,0.3677
flickr,10,0.0001,0.3787
flickr,10,0.0001,0.3822
flickr,10,0.0001,0.3896
flickr,10,0.0001,0.3946
flickr,10,0.0001,0.3911
flickr,10,0.0001,0.4001
pubmed,10,0.002,0.8113
pubmed,10,0.002,0.8129
pubmed,10,0.002,0.8142
cora,10,0.1,0.6535
pubmed,10,0.002,0.8190
cora,10,0.1,0.7668
cora,10,0.1,0.6683
cora,10,0.1,0.7882
pubmed,10,0.002,0.8084
cora,10,0.1,0.6453
cora,10,0.1,0.7553
pubmed,10,0.002,0.8115
cora,10,0.1,0.6355
cora,10,0.1,0.7882
cora,10,0.1,0.6667
pubmed,10,0.002,0.8170
cora,10,0.1,0.7947
cora,10,0.1,0.6420
pubmed,10,0.002,0.8068
cora,10,0.1,0.7980
cora,10,0.1,0.6667
cora,10,0.1,0.7356
pubmed,10,0.002,0.8246
cora,10,0.1,0.6322
cora,10,0.1,0.7750
pubmed,10,0.002,0.8102
cora,10,0.1,0.6486
cora,10,0.1,0.7619
cora,10,0.1,0.6141
pubmed,10,0.002,0.8151
cora,10,0.1,0.7586
citeseer,10,0.1,0.5455
pubmed,10,0.002,0.8111
citeseer,10,0.1,0.6283
citeseer,10,0.1,0.5441
citeseer,10,0.1,0.6524
pubmed,10,0.002,0.8046
citeseer,10,0.1,0.5695
citeseer,10,0.1,0.6711
pubmed,10,0.002,0.8181
citeseer,10,0.1,0.5602
citeseer,10,0.1,0.6310
citeseer,10,0.1,0.5321
pubmed,10,0.002,0.8136
citeseer,10,0.1,0.6056
citeseer,10,0.1,0.5936
pubmed,10,0.002,0.8197
citeseer,10,0.1,0.6350
citeseer,10,0.1,0.5695
citeseer,10,0.1,0.6591
pubmed,10,0.002,0.8079
citeseer,10,0.1,0.5709
pubmed,10,0.002,0.8163
citeseer,10,0.1,0.5896
citeseer,10,0.1,0.5267
pubmed,10,0.002,0.8176
citeseer,10,0.1,0.6818
pubmed,10,0.002,0.8230
citeseer,10,0.1,0.5307
citeseer,10,0.1,0.6444
pubmed,10,1.0,0.5636
pubmed,10,1.0,0.7998
reddit,10,0.001,0.8737
pubmed,10,1.0,0.5088
pubmed,10,1.0,0.7543
reddit,10,0.001,0.8796
pubmed,10,1.0,0.5476
pubmed,10,1.0,0.6037
pubmed,10,1.0,0.5101
pubmed,10,1.0,0.8100
reddit,10,0.001,0.8798
pubmed,10,1.0,0.5092
pubmed,10,1.0,0.7973
reddit,10,0.001,0.8806
pubmed,10,1.0,0.4761
pubmed,10,1.0,0.8104
pubmed,10,1.0,0.4423
pubmed,10,1.0,0.3918
pubmed,10,1.0,0.5097
reddit,10,0.001,0.8735
pubmed,10,1.0,0.6756
pubmed,10,1.0,0.5194
reddit,10,0.001,0.8821
pubmed,10,1.0,0.8028
pubmed,10,1.0,0.4583
pubmed,10,1.0,0.8179
reddit,10,0.001,0.8737
reddit,10,0.001,0.8798
reddit,10,0.001,0.8796
reddit,10,0.001,0.8825
reddit,10,0.001,0.8840
reddit,10,0.001,0.8798
reddit,10,0.001,0.8867
reddit,10,0.001,0.8806
citeseer,10,0.1,0.5441
citeseer,10,0.1,0.6297
citeseer,10,0.1,0.5468
citeseer,10,0.1,0.6524
reddit,10,0.001,0.8712
citeseer,10,0.1,0.5655
citeseer,10,0.1,0.6711
reddit,10,0.001,0.8829
citeseer,10,0.1,0.5695
citeseer,10,0.1,0.6297
citeseer,10,0.1,0.5294
citeseer,10,0.1,0.6043
reddit,10,0.001,0.8874
citeseer,10,0.1,0.5909
citeseer,10,0.1,0.6390
reddit,10,0.001,0.8859
citeseer,10,0.1,0.5709
citeseer,10,0.1,0.6591
citeseer,10,0.1,0.5856
citeseer,10,0.1,0.5896
citeseer,10,0.1,0.5281
citeseer,10,0.1,0.6818
reddit,10,0.001,0.8852
citeseer,10,0.1,0.5334
citeseer,10,0.1,0.6457
reddit,10,0.001,0.8817
pubmed,10,1.0,0.5647
pubmed,10,1.0,0.8176
pubmed,10,1.0,0.5038
pubmed,10,1.0,0.7545
pubmed,10,1.0,0.5327
reddit,10,0.001,0.8832
pubmed,10,1.0,0.6078
pubmed,10,1.0,0.5413
reddit,10,0.001,0.8731
pubmed,10,1.0,0.8102
pubmed,10,1.0,0.5070
pubmed,10,1.0,0.8000
pubmed,10,1.0,0.4869
pubmed,10,1.0,0.8161
reddit,10,0.001,0.8760
pubmed,10,1.0,0.4786
pubmed,10,1.0,0.3918
reddit,10,0.001,0.8790
pubmed,10,1.0,0.5196
pubmed,10,1.0,0.6756
pubmed,10,1.0,0.5298
pubmed,10,1.0,0.7967
pubmed,10,1.0,0.4707
pubmed,10,1.0,0.8070
github,10,0.001,0.8072
github,10,0.001,0.8037
github,10,0.001,0.7978
github,10,0.001,0.7966
github,10,0.001,0.8113
github,10,0.001,0.8078
github,10,0.001,0.7925
github,10,0.001,0.8019
github,10,0.001,0.7966
github,10,0.001,0.8455
RU,10,0.001,0.6217
github,10,0.001,0.7972
RU,10,0.001,0.6450
github,10,0.001,0.7883
RU,10,0.001,0.6268
github,10,0.001,0.7989
RU,10,0.001,0.6430
github,10,0.001,0.8178
RU,10,0.001,0.6247
github,10,0.001,0.8178
RU,10,0.001,0.6420
github,10,0.001,0.8060
RU,10,0.001,0.6197
RU,10,0.001,0.6400
github,10,0.001,0.8013
github,10,0.001,0.8031
RU,10,0.001,0.6298
RU,10,0.001,0.6389
github,10,0.001,0.7983
RU,10,0.001,0.6643
github,10,0.001,0.8054
RU,10,0.001,0.6531
RU,10,0.001,0.6247
lastfmasia,10,0.001,0.7824
RU,10,0.001,0.6288
lastfmasia,10,0.001,0.7847
RU,10,0.001,0.6247
lastfmasia,10,0.001,0.7940
RU,10,0.001,0.6105
lastfmasia,10,0.001,0.7678
RU,10,0.001,0.6227
lastfmasia,10,0.001,0.7900
RU,10,0.001,0.6329
lastfmasia,10,0.001,0.7882
RU,10,0.001,0.6389
RU,10,0.001,0.6521
lastfmasia,10,0.001,0.7824
lastfmasia,10,0.001,0.7929
lastfmasia,10,0.001,0.7935
lastfmasia,10,0.001,0.7905
lastfmasia,10,0.001,0.7870
lastfmasia,10,0.001,0.7719
lastfmasia,10,0.001,0.7835
PT,10,0.001,0.6279
lastfmasia,10,0.001,0.7940
PT,10,0.001,0.5860
PT,10,0.001,0.6140
lastfmasia,10,0.001,0.7882
PT,10,0.001,0.5930
lastfmasia,10,0.001,0.7981
PT,10,0.001,0.6302
lastfmasia,10,0.001,0.7812
PT,10,0.001,0.6279
lastfmasia,10,0.001,0.7678
PT,10,0.001,0.5814
PT,10,0.001,0.5884
lastfmasia,10,0.001,0.7835
PT,10,0.001,0.6023
lastfmasia,10,0.001,0.7707
PT,10,0.001,0.5930
PT,10,0.001,0.5605
DE,10,0.001,0.6336
PT,10,0.001,0.5837
DE,10,0.001,0.6299
PT,10,0.001,0.6140
DE,10,0.001,0.6285
PT,10,0.001,0.5930
DE,10,0.001,0.6280
PT,10,0.001,0.6047
DE,10,0.001,0.6186
PT,10,0.001,0.6233
DE,10,0.001,0.6355
PT,10,0.001,0.5953
DE,10,0.001,0.6317
PT,10,0.001,0.6163
DE,10,0.001,0.6256
PT,10,0.001,0.6186
DE,10,0.001,0.6350
PT,10,0.001,0.6395
DE,10,0.001,0.6308
cora,15.0,0.1,0.6585
cora,15.0,0.1,0.7718
DE,10,0.001,0.6036
cora,15.0,0.1,0.6683
cora,15.0,0.1,0.7849
DE,10,0.001,0.5952
cora,15.0,0.1,0.6453
cora,15.0,0.1,0.7553
DE,10,0.001,0.6509
cora,15.0,0.1,0.6338
cora,15.0,0.1,0.7865
DE,10,0.001,0.6280
cora,15.0,0.1,0.6617
cora,15.0,0.1,0.7947
DE,10,0.001,0.6261
cora,15.0,0.1,0.6437
cora,15.0,0.1,0.7980
DE,10,0.001,0.6247
cora,15.0,0.1,0.6650
cora,15.0,0.1,0.7356
DE,10,0.001,0.6252
cora,15.0,0.1,0.6355
cora,15.0,0.1,0.7750
DE,10,0.001,0.6373
cora,15.0,0.1,0.6470
cora,15.0,0.1,0.7619
DE,10,0.001,0.6327
cora,15.0,0.1,0.6223
cora,15.0,0.1,0.7586
DE,10,0.001,0.6172
citeseer,15.0,0.1,0.5481
citeseer,15.0,0.1,0.6283
citeseer,15.0,0.1,0.5414
FR,10,0.001,0.5536
citeseer,15.0,0.1,0.6457
citeseer,15.0,0.1,0.5709
FR,10,0.001,0.5414
citeseer,15.0,0.1,0.6698
citeseer,15.0,0.1,0.5602
FR,10,0.001,0.5597
citeseer,15.0,0.1,0.6297
citeseer,15.0,0.1,0.5348
FR,10,0.001,0.5387
citeseer,15.0,0.1,0.6056
FR,10,0.001,0.5583
citeseer,15.0,0.1,0.5922
citeseer,15.0,0.1,0.6377
FR,10,0.001,0.5455
citeseer,15.0,0.1,0.5695
citeseer,15.0,0.1,0.6591
FR,10,0.001,0.5387
citeseer,15.0,0.1,0.5615
citeseer,15.0,0.1,0.5909
FR,10,0.001,0.5550
citeseer,15.0,0.1,0.5321
citeseer,15.0,0.1,0.6832
FR,10,0.001,0.5482
citeseer,15.0,0.1,0.5361
FR,10,0.001,0.5482
citeseer,15.0,0.1,0.6471
pubmed,15.0,1.0,0.6075
FR,10,0.001,0.5543
pubmed,15.0,1.0,0.8106
pubmed,15.0,1.0,0.6096
FR,10,0.001,0.5482
pubmed,15.0,1.0,0.7523
pubmed,15.0,1.0,0.5101
pubmed,15.0,1.0,0.6069
FR,10,0.001,0.5393
pubmed,15.0,1.0,0.5248
pubmed,15.0,1.0,0.7883
FR,10,0.001,0.5414
pubmed,15.0,1.0,0.5728
FR,10,0.001,0.5577
pubmed,15.0,1.0,0.7906
pubmed,15.0,1.0,0.5153
FR,10,0.001,0.5346
pubmed,15.0,1.0,0.8009
FR,10,0.001,0.5326
pubmed,15.0,1.0,0.6100
pubmed,15.0,1.0,0.3918
FR,10,0.001,0.5502
pubmed,15.0,1.0,0.5552
pubmed,15.0,1.0,0.6756
FR,10,0.001,0.5224
pubmed,15.0,1.0,0.5473
pubmed,15.0,1.0,0.8028
FR,10,0.001,0.5597
pubmed,15.0,1.0,0.5658
pubmed,15.0,1.0,0.8052
ES,10,0.001,0.6491
ES,10,0.001,0.6692
ES,10,0.001,0.6358
cora,20.0,0.1,0.6535
cora,20.0,0.1,0.7685
ES,10,0.001,0.6807
cora,20.0,0.1,0.6617
cora,20.0,0.1,0.7849
ES,10,0.001,0.6272
cora,20.0,0.1,0.6404
cora,20.0,0.1,0.7553
ES,10,0.001,0.6444
cora,20.0,0.1,0.6305
cora,20.0,0.1,0.7865
ES,10,0.001,0.6616
cora,20.0,0.1,0.6617
cora,20.0,0.1,0.7947
cora,20.0,0.1,0.6355
ES,10,0.001,0.6491
cora,20.0,0.1,0.7980
cora,20.0,0.1,0.6601
ES,10,0.001,0.6539
cora,20.0,0.1,0.7340
ES,10,0.001,0.6424
cora,20.0,0.1,0.6240
cora,20.0,0.1,0.7750
ES,10,0.001,0.6663
cora,20.0,0.1,0.6502
cora,20.0,0.1,0.7619
ES,10,0.001,0.6482
cora,20.0,0.1,0.6273
cora,20.0,0.1,0.7586
citeseer,20.0,0.1,0.5361
ES,10,0.001,0.6673
citeseer,20.0,0.1,0.6283
ES,10,0.001,0.6348
citeseer,20.0,0.1,0.5401
citeseer,20.0,0.1,0.6511
citeseer,20.0,0.1,0.5655
ES,10,0.001,0.6491
citeseer,20.0,0.1,0.6698
citeseer,20.0,0.1,0.5655
ES,10,0.001,0.6597
citeseer,20.0,0.1,0.6310
citeseer,20.0,0.1,0.5414
ES,10,0.001,0.6291
citeseer,20.0,0.1,0.6056
citeseer,20.0,0.1,0.5896
ES,10,0.001,0.6358
citeseer,20.0,0.1,0.6390
citeseer,20.0,0.1,0.5709
ES,10,0.001,0.6195
citeseer,20.0,0.1,0.6591
citeseer,20.0,0.1,0.5655
ES,10,0.001,0.6558
citeseer,20.0,0.1,0.5922
citeseer,20.0,0.1,0.5281
EN,10,0.001,0.5708
citeseer,20.0,0.1,0.6818
citeseer,20.0,0.1,0.5348
EN,10,0.001,0.5552
citeseer,20.0,0.1,0.6457
pubmed,20.0,1.0,0.6510
EN,10,0.001,0.5602
pubmed,20.0,1.0,0.8201
pubmed,20.0,1.0,0.6601
pubmed,20.0,1.0,0.7518
EN,10,0.001,0.5552
pubmed,20.0,1.0,0.6790
pubmed,20.0,1.0,0.6087
EN,10,0.001,0.5346
pubmed,20.0,1.0,0.5778
pubmed,20.0,1.0,0.7876
EN,10,0.001,0.5334
pubmed,20.0,1.0,0.5760
pubmed,20.0,1.0,0.7971
EN,10,0.001,0.5508
pubmed,20.0,1.0,0.5848
pubmed,20.0,1.0,0.8028
EN,10,0.001,0.5521
pubmed,20.0,1.0,0.5796
pubmed,20.0,1.0,0.3918
EN,10,0.001,0.5546
pubmed,20.0,1.0,0.6170
pubmed,20.0,1.0,0.6756
EN,10,0.001,0.5465
pubmed,20.0,1.0,0.5985
pubmed,20.0,1.0,0.7784
EN,10,0.001,0.5396
pubmed,20.0,1.0,0.6283
pubmed,20.0,1.0,0.8109
EN,10,0.001,0.5496
cora,25.0,0.1,0.6568
cora,25.0,0.1,0.7685
cora,25.0,0.1,0.6585
EN,10,0.001,0.5602
cora,25.0,0.1,0.7882
cora,25.0,0.1,0.6404
EN,10,0.001,0.5658
cora,25.0,0.1,0.7553
cora,25.0,0.1,0.6190
cora,25.0,0.1,0.7882
EN,10,0.001,0.5708
cora,25.0,0.1,0.6601
cora,25.0,0.1,0.7947
EN,10,0.001,0.5496
cora,25.0,0.1,0.6338
cora,25.0,0.1,0.7980
cora,25.0,0.1,0.6552
EN,10,0.001,0.5521
cora,25.0,0.1,0.7356
cora,25.0,0.1,0.6240
EN,10,0.001,0.5590
cora,25.0,0.1,0.7750
cora,25.0,0.1,0.6470
EN,10,0.001,0.5633
cora,25.0,0.1,0.7619
cora,25.0,0.1,0.6322
cora,25.0,0.1,0.7586
EN,10,0.001,0.5658
citeseer,25.0,0.1,0.5374
citeseer,25.0,0.1,0.6297
citeseer,25.0,0.1,0.5307
citeseer,25.0,0.1,0.6511
citeseer,25.0,0.1,0.5695
citeseer,25.0,0.1,0.6671
citeseer,25.0,0.1,0.5588
citeseer,25.0,0.1,0.6324
citeseer,25.0,0.1,0.5428
citeseer,25.0,0.1,0.6056
citeseer,25.0,0.1,0.5896
citeseer,25.0,0.1,0.6350
citeseer,25.0,0.1,0.5709
citeseer,25.0,0.1,0.6591
citeseer,25.0,0.1,0.5602
citeseer,25.0,0.1,0.5869
citeseer,25.0,0.1,0.5361
citeseer,25.0,0.1,0.6818
citeseer,25.0,0.1,0.5348
citeseer,25.0,0.1,0.6457
pubmed,25.0,1.0,0.6783
pubmed,25.0,1.0,0.7951
pubmed,25.0,1.0,0.6880
pubmed,25.0,1.0,0.7534
pubmed,25.0,1.0,0.7042
pubmed,25.0,1.0,0.6073
pubmed,25.0,1.0,0.6578
pubmed,25.0,1.0,0.8131
pubmed,25.0,1.0,0.6887
pubmed,25.0,1.0,0.7554
pubmed,25.0,1.0,0.7182
pubmed,25.0,1.0,0.6069
pubmed,25.0,1.0,0.6271
pubmed,25.0,1.0,0.8050
pubmed,25.0,1.0,0.6064
pubmed,25.0,1.0,0.7937
pubmed,25.0,1.0,0.6062
pubmed,25.0,1.0,0.7942
pubmed,25.0,1.0,0.6533
pubmed,25.0,1.0,0.3918
pubmed,25.0,1.0,0.6431
pubmed,25.0,1.0,0.6756
pubmed,25.0,1.0,0.6199
pubmed,25.0,1.0,0.7933
pubmed,25.0,1.0,0.6573
pubmed,25.0,1.0,0.8039
cora,30.0,0.1,0.6585
cora,30.0,0.1,0.7685
cora,30.0,0.1,0.6519
cora,30.0,0.1,0.7849
cora,30.0,0.1,0.6371
cora,30.0,0.1,0.7553
cora,30.0,0.1,0.6076
cora,30.0,0.1,0.7865
cora,30.0,0.1,0.6601
cora,30.0,0.1,0.7947
cora,30.0,0.1,0.6273
cora,30.0,0.1,0.7980
cora,30.0,0.1,0.6552
cora,30.0,0.1,0.7340
cora,30.0,0.1,0.6289
cora,30.0,0.1,0.7750
cora,30.0,0.1,0.6486
cora,30.0,0.1,0.7635
cora,30.0,0.1,0.6207
cora,30.0,0.1,0.7586
citeseer,30.0,0.1,0.5321
citeseer,30.0,0.1,0.6297
citeseer,30.0,0.1,0.5334
citeseer,30.0,0.1,0.6511
citeseer,30.0,0.1,0.5655
citeseer,30.0,0.1,0.6698
citeseer,30.0,0.1,0.5615
citeseer,30.0,0.1,0.6337
citeseer,30.0,0.1,0.5455
citeseer,30.0,0.1,0.6043
citeseer,30.0,0.1,0.5775
citeseer,30.0,0.1,0.6324
citeseer,30.0,0.1,0.5668
citeseer,30.0,0.1,0.6591
citeseer,30.0,0.1,0.5642
citeseer,30.0,0.1,0.5922
citeseer,30.0,0.1,0.5241
citeseer,30.0,0.1,0.6818
citeseer,30.0,0.1,0.5321
citeseer,30.0,0.1,0.6471
pubmed,30.0,1.0,0.6957
pubmed,30.0,1.0,0.7985
pubmed,30.0,1.0,0.6979
pubmed,30.0,1.0,0.7550
pubmed,30.0,1.0,0.7169
pubmed,30.0,1.0,0.6082
pubmed,30.0,1.0,0.6276
pubmed,30.0,1.0,0.8183
pubmed,30.0,1.0,0.5992
pubmed,30.0,1.0,0.7915
pubmed,30.0,1.0,0.6060
pubmed,30.0,1.0,0.8000
pubmed,30.0,1.0,0.6583
pubmed,30.0,1.0,0.3918
pubmed,30.0,1.0,0.6785
pubmed,30.0,1.0,0.6756
pubmed,30.0,1.0,0.6725
pubmed,30.0,1.0,0.7994
pubmed,30.0,1.0,0.6763
pubmed,30.0,1.0,0.8194
cora,5.0,0.1,0.6585
cora,5.0,0.1,0.7668
cora,5.0,0.1,0.6650
cora,5.0,0.1,0.7882
cora,5.0,0.1,0.6470
cora,5.0,0.1,0.7553
cora,5.0,0.1,0.6519
cora,5.0,0.1,0.7882
cora,5.0,0.1,0.6814
cora,5.0,0.1,0.7947
cora,5.0,0.1,0.6601
cora,5.0,0.1,0.7980
cora,5.0,0.1,0.6716
cora,5.0,0.1,0.7356
cora,5.0,0.1,0.6404
cora,5.0,0.1,0.7750
cora,5.0,0.1,0.6634
cora,5.0,0.1,0.7603
cora,5.0,0.1,0.6355
cora,5.0,0.1,0.7586
citeseer,5.0,0.1,0.5468
citeseer,5.0,0.1,0.6310
citeseer,5.0,0.1,0.5561
citeseer,5.0,0.1,0.6511
citeseer,5.0,0.1,0.5682
citeseer,5.0,0.1,0.6711
citeseer,5.0,0.1,0.5789
citeseer,5.0,0.1,0.6297
citeseer,5.0,0.1,0.5361
citeseer,5.0,0.1,0.6070
citeseer,5.0,0.1,0.6029
citeseer,5.0,0.1,0.6350
citeseer,5.0,0.1,0.5802
citeseer,5.0,0.1,0.6591
citeseer,5.0,0.1,0.5762
citeseer,5.0,0.1,0.5922
citeseer,5.0,0.1,0.5214
citeseer,5.0,0.1,0.6832
citeseer,5.0,0.1,0.5455
citeseer,5.0,0.1,0.6457
pubmed,5.0,1.0,0.5417
pubmed,5.0,1.0,0.8025
pubmed,5.0,1.0,0.6105
pubmed,5.0,1.0,0.7477
pubmed,5.0,1.0,0.5108
pubmed,5.0,1.0,0.6066
pubmed,5.0,1.0,0.5295
pubmed,5.0,1.0,0.8093
pubmed,5.0,1.0,0.5381
pubmed,5.0,1.0,0.7942
pubmed,5.0,1.0,0.4914
pubmed,5.0,1.0,0.7940
pubmed,5.0,1.0,0.4457
pubmed,5.0,1.0,0.3918
pubmed,5.0,1.0,0.4107
pubmed,5.0,1.0,0.6756
pubmed,5.0,1.0,0.5340
pubmed,5.0,1.0,0.7701
pubmed,5.0,1.0,0.4486
pubmed,5.0,1.0,0.8115
cora,10.0,0.1,0.6552
cora,10.0,0.1,0.7668
cora,10.0,0.1,0.6634
cora,10.0,0.1,0.7849
cora,10.0,0.1,0.6437
cora,10.0,0.1,0.7553
cora,10.0,0.1,0.6355
cora,10.0,0.1,0.7882
cora,10.0,0.1,0.6732
cora,10.0,0.1,0.7947
cora,10.0,0.1,0.6470
cora,10.0,0.1,0.7980
cora,10.0,0.1,0.6683
cora,10.0,0.1,0.7340
cora,10.0,0.1,0.6322
cora,10.0,0.1,0.7750
cora,10.0,0.1,0.6486
cora,10.0,0.1,0.7619
cora,10.0,0.1,0.6190
cora,10.0,0.1,0.7586
citeseer,10.0,0.1,0.5495
citeseer,10.0,0.1,0.6283
citeseer,10.0,0.1,0.5481
citeseer,10.0,0.1,0.6511
citeseer,10.0,0.1,0.5722
citeseer,10.0,0.1,0.6698
citeseer,10.0,0.1,0.5628
citeseer,10.0,0.1,0.6297
citeseer,10.0,0.1,0.5294
citeseer,10.0,0.1,0.6056
citeseer,10.0,0.1,0.5936
citeseer,10.0,0.1,0.6390
citeseer,10.0,0.1,0.5695
citeseer,10.0,0.1,0.6578
citeseer,10.0,0.1,0.5789
citeseer,10.0,0.1,0.5949
citeseer,10.0,0.1,0.5348
citeseer,10.0,0.1,0.6818
citeseer,10.0,0.1,0.5374
citeseer,10.0,0.1,0.6471
pubmed,10.0,1.0,0.5437
pubmed,10.0,1.0,0.7933
pubmed,10.0,1.0,0.5196
pubmed,10.0,1.0,0.7498
pubmed,10.0,1.0,0.5397
pubmed,10.0,1.0,0.6064
pubmed,10.0,1.0,0.5440
pubmed,10.0,1.0,0.8009
pubmed,10.0,1.0,0.5088
pubmed,10.0,1.0,0.7926
pubmed,10.0,1.0,0.4840
pubmed,10.0,1.0,0.7942
pubmed,10.0,1.0,0.4529
pubmed,10.0,1.0,0.3918
pubmed,10.0,1.0,0.4950
pubmed,10.0,1.0,0.6756
pubmed,10.0,1.0,0.5061
pubmed,10.0,1.0,0.7985
pubmed,10.0,1.0,0.4624
pubmed,10.0,1.0,0.8120
cora,35.0,0.1,0.6568
cora,35.0,0.1,0.7685
cora,35.0,0.1,0.6568
cora,35.0,0.1,0.7882
cora,35.0,0.1,0.6420
cora,35.0,0.1,0.7553
cora,35.0,0.1,0.5928
cora,35.0,0.1,0.7865
cora,35.0,0.1,0.6617
cora,35.0,0.1,0.7947
cora,35.0,0.1,0.6223
cora,35.0,0.1,0.7980
cora,35.0,0.1,0.6437
cora,35.0,0.1,0.7356
cora,35.0,0.1,0.6207
cora,35.0,0.1,0.7750
cora,35.0,0.1,0.6470
cora,35.0,0.1,0.7603
cora,35.0,0.1,0.6223
cora,35.0,0.1,0.7586
citeseer,35.0,0.1,0.5241
citeseer,35.0,0.1,0.6283
citeseer,35.0,0.1,0.5294
citeseer,35.0,0.1,0.6511
citeseer,35.0,0.1,0.5668
citeseer,35.0,0.1,0.6698
citeseer,35.0,0.1,0.5495
citeseer,35.0,0.1,0.6337
citeseer,35.0,0.1,0.5481
citeseer,35.0,0.1,0.6043
citeseer,35.0,0.1,0.5775
citeseer,35.0,0.1,0.6390
citeseer,35.0,0.1,0.5668
citeseer,35.0,0.1,0.6578
citeseer,35.0,0.1,0.5602
citeseer,35.0,0.1,0.5882
citeseer,35.0,0.1,0.5227
citeseer,35.0,0.1,0.6818
citeseer,35.0,0.1,0.5334
citeseer,35.0,0.1,0.6457
pubmed,35.0,1.0,0.6704
pubmed,35.0,1.0,0.7987
pubmed,35.0,1.0,0.6828
pubmed,35.0,1.0,0.7520
pubmed,35.0,1.0,0.7229
pubmed,35.0,1.0,0.6055
pubmed,35.0,1.0,0.6483
pubmed,35.0,1.0,0.8100
pubmed,35.0,1.0,0.6587
pubmed,35.0,1.0,0.7917
pubmed,35.0,1.0,0.6677
pubmed,35.0,1.0,0.8039
pubmed,35.0,1.0,0.6808
pubmed,35.0,1.0,0.3918
pubmed,35.0,1.0,0.5512
pubmed,35.0,1.0,0.6756
pubmed,35.0,1.0,0.6328
pubmed,35.0,1.0,0.8003
pubmed,35.0,1.0,0.6864
pubmed,35.0,1.0,0.8043
cora,40.0,0.1,0.6519
cora,40.0,0.1,0.7701
cora,40.0,0.1,0.6502
cora,40.0,0.1,0.7849
cora,40.0,0.1,0.6355
cora,40.0,0.1,0.7553
cora,40.0,0.1,0.5944
cora,40.0,0.1,0.7865
cora,40.0,0.1,0.6650
cora,40.0,0.1,0.7947
cora,40.0,0.1,0.6158
cora,40.0,0.1,0.7980
cora,40.0,0.1,0.6437
cora,40.0,0.1,0.7356
cora,40.0,0.1,0.6240
cora,40.0,0.1,0.7750
cora,40.0,0.1,0.6535
cora,40.0,0.1,0.7603
cora,40.0,0.1,0.6223
cora,40.0,0.1,0.7586
citeseer,40.0,0.1,0.5267
citeseer,40.0,0.1,0.6283
citeseer,40.0,0.1,0.5267
citeseer,40.0,0.1,0.6524
citeseer,40.0,0.1,0.5682
citeseer,40.0,0.1,0.6711
citeseer,40.0,0.1,0.5561
citeseer,40.0,0.1,0.6283
citeseer,40.0,0.1,0.5414
citeseer,40.0,0.1,0.6043
citeseer,40.0,0.1,0.5856
citeseer,40.0,0.1,0.6390
citeseer,40.0,0.1,0.5602
citeseer,40.0,0.1,0.6591
citeseer,40.0,0.1,0.5575
citeseer,40.0,0.1,0.5909
citeseer,40.0,0.1,0.5254
citeseer,40.0,0.1,0.6805
citeseer,40.0,0.1,0.5294
citeseer,40.0,0.1,0.6444
pubmed,40.0,1.0,0.7338
pubmed,40.0,1.0,0.7976
pubmed,40.0,1.0,0.7033
pubmed,40.0,1.0,0.7505
pubmed,40.0,1.0,0.7326
pubmed,40.0,1.0,0.6078
pubmed,40.0,1.0,0.6817
pubmed,40.0,1.0,0.7973
pubmed,40.0,1.0,0.6873
pubmed,40.0,1.0,0.7937
pubmed,40.0,1.0,0.6878
pubmed,40.0,1.0,0.7946
pubmed,40.0,1.0,0.6907
pubmed,40.0,1.0,0.3918
pubmed,40.0,1.0,0.6939
pubmed,40.0,1.0,0.6756
pubmed,40.0,1.0,0.6163
pubmed,40.0,1.0,0.7759
pubmed,40.0,1.0,0.6961
pubmed,40.0,1.0,0.8221
cora,5.0,0.1,0.6749
cora,5.0,0.1,0.7734
cora,5.0,0.1,0.7389
cora,5.0,0.1,0.7767
cora,5.0,0.1,0.7455
cora,5.0,0.1,0.7521
cora,5.0,0.1,0.6814
cora,5.0,0.1,0.7849
cora,5.0,0.1,0.7274
cora,5.0,0.1,0.7931
cora,5.0,0.1,0.7143
cora,5.0,0.1,0.8046
cora,5.0,0.1,0.7126
cora,5.0,0.1,0.7340
cora,5.0,0.1,0.7077
cora,5.0,0.1,0.7947
cora,5.0,0.1,0.7176
cora,5.0,0.1,0.7586
cora,5.0,0.1,0.6897
cora,5.0,0.1,0.7619
citeseer,5.0,0.1,0.5869
citeseer,5.0,0.1,0.6056
citeseer,5.0,0.1,0.5789
citeseer,5.0,0.1,0.6644
citeseer,5.0,0.1,0.5936
citeseer,5.0,0.1,0.6631
citeseer,5.0,0.1,0.5695
citeseer,5.0,0.1,0.6377
citeseer,5.0,0.1,0.5668
citeseer,5.0,0.1,0.6471
citeseer,5.0,0.1,0.5976
citeseer,5.0,0.1,0.6150
citeseer,5.0,0.1,0.5882
citeseer,5.0,0.1,0.6324
citeseer,5.0,0.1,0.6096
citeseer,5.0,0.1,0.6096
citeseer,5.0,0.1,0.5869
citeseer,5.0,0.1,0.7019
citeseer,5.0,0.1,0.5909
citeseer,5.0,0.1,0.6497
pubmed,5.0,1.0,0.4105
pubmed,5.0,1.0,0.7978
pubmed,5.0,1.0,0.4409
pubmed,5.0,1.0,0.7942
pubmed,5.0,1.0,0.4222
pubmed,5.0,1.0,0.7967
pubmed,5.0,1.0,0.2340
pubmed,5.0,1.0,0.7036
pubmed,5.0,1.0,0.2360
pubmed,5.0,1.0,0.7976
pubmed,5.0,1.0,0.2444
pubmed,5.0,1.0,0.8104
pubmed,5.0,1.0,0.4195
pubmed,5.0,1.0,0.7126
pubmed,5.0,1.0,0.2554
pubmed,5.0,1.0,0.8082
pubmed,5.0,1.0,0.4236
pubmed,5.0,1.0,0.7985
pubmed,5.0,1.0,0.4346
pubmed,5.0,1.0,0.8046
cora,10.0,0.1,0.6601
cora,10.0,0.1,0.7734
cora,10.0,0.1,0.7241
cora,10.0,0.1,0.7767
cora,10.0,0.1,0.7323
cora,10.0,0.1,0.7521
cora,10.0,0.1,0.6716
cora,10.0,0.1,0.7849
cora,10.0,0.1,0.7176
cora,10.0,0.1,0.7931
cora,10.0,0.1,0.7028
cora,10.0,0.1,0.8046
cora,10.0,0.1,0.6782
cora,10.0,0.1,0.7340
cora,10.0,0.1,0.6913
cora,10.0,0.1,0.7947
cora,10.0,0.1,0.6897
cora,10.0,0.1,0.7586
cora,10.0,0.1,0.6502
cora,10.0,0.1,0.7619
citeseer,10.0,0.1,0.5976
citeseer,10.0,0.1,0.6056
citeseer,10.0,0.1,0.5976
citeseer,10.0,0.1,0.6658
citeseer,10.0,0.1,0.6016
citeseer,10.0,0.1,0.6671
citeseer,10.0,0.1,0.5548
citeseer,10.0,0.1,0.6364
citeseer,10.0,0.1,0.5816
citeseer,10.0,0.1,0.6457
citeseer,10.0,0.1,0.6176
citeseer,10.0,0.1,0.6136
citeseer,10.0,0.1,0.6003
citeseer,10.0,0.1,0.6337
citeseer,10.0,0.1,0.6176
citeseer,10.0,0.1,0.6123
citeseer,10.0,0.1,0.6016
citeseer,10.0,0.1,0.7019
citeseer,10.0,0.1,0.5949
citeseer,10.0,0.1,0.6511
pubmed,10.0,1.0,0.2290
pubmed,10.0,1.0,0.7888
pubmed,10.0,1.0,0.4486
pubmed,10.0,1.0,0.7962
pubmed,10.0,1.0,0.2281
pubmed,10.0,1.0,0.7969
pubmed,10.0,1.0,0.2369
pubmed,10.0,1.0,0.7072
pubmed,10.0,1.0,0.2665
pubmed,10.0,1.0,0.8149
pubmed,10.0,1.0,0.2500
pubmed,10.0,1.0,0.8129
pubmed,10.0,1.0,0.4211
pubmed,10.0,1.0,0.7033
pubmed,10.0,1.0,0.2626
pubmed,10.0,1.0,0.8075
pubmed,10.0,1.0,0.4292
pubmed,10.0,1.0,0.7989
pubmed,10.0,1.0,0.4396
pubmed,10.0,1.0,0.8034
cora,15.0,0.1,0.6585
cora,15.0,0.1,0.7734
cora,15.0,0.1,0.7061
cora,15.0,0.1,0.7767
cora,15.0,0.1,0.7126
cora,15.0,0.1,0.7521
cora,15.0,0.1,0.6847
cora,15.0,0.1,0.7849
cora,15.0,0.1,0.7159
cora,15.0,0.1,0.7931
cora,15.0,0.1,0.7094
cora,15.0,0.1,0.8046
cora,15.0,0.1,0.6683
cora,15.0,0.1,0.7340
cora,15.0,0.1,0.6749
cora,15.0,0.1,0.7947
cora,15.0,0.1,0.6831
cora,15.0,0.1,0.7586
cora,15.0,0.1,0.6716
cora,15.0,0.1,0.7619
citeseer,15.0,0.1,0.5749
citeseer,15.0,0.1,0.6056
citeseer,15.0,0.1,0.5735
citeseer,15.0,0.1,0.6644
citeseer,15.0,0.1,0.5963
citeseer,15.0,0.1,0.6711
citeseer,15.0,0.1,0.5655
citeseer,15.0,0.1,0.6297
citeseer,15.0,0.1,0.5762
citeseer,15.0,0.1,0.6444
citeseer,15.0,0.1,0.6083
citeseer,15.0,0.1,0.6163
citeseer,15.0,0.1,0.5856
citeseer,15.0,0.1,0.6337
citeseer,15.0,0.1,0.6243
citeseer,15.0,0.1,0.6110
citeseer,15.0,0.1,0.5802
citeseer,15.0,0.1,0.7019
citeseer,15.0,0.1,0.5856
citeseer,15.0,0.1,0.6511
pubmed,15.0,1.0,0.2362
pubmed,15.0,1.0,0.7949
pubmed,15.0,1.0,0.2520
pubmed,15.0,1.0,0.7989
pubmed,15.0,1.0,0.2322
pubmed,15.0,1.0,0.8070
pubmed,15.0,1.0,0.2444
pubmed,15.0,1.0,0.7135
pubmed,15.0,1.0,0.2592
pubmed,15.0,1.0,0.8070
pubmed,15.0,1.0,0.2651
pubmed,15.0,1.0,0.7998
pubmed,15.0,1.0,0.4197
pubmed,15.0,1.0,0.7142
pubmed,15.0,1.0,0.2550
pubmed,15.0,1.0,0.8066
pubmed,15.0,1.0,0.4317
pubmed,15.0,1.0,0.8014
pubmed,15.0,1.0,0.4450
pubmed,15.0,1.0,0.8075
cora,20.0,0.1,0.6568
cora,20.0,0.1,0.7734
cora,20.0,0.1,0.7044
cora,20.0,0.1,0.7767
cora,20.0,0.1,0.7241
cora,20.0,0.1,0.7521
cora,20.0,0.1,0.6650
cora,20.0,0.1,0.7849
cora,20.0,0.1,0.6946
cora,20.0,0.1,0.7931
cora,20.0,0.1,0.6962
cora,20.0,0.1,0.8046
cora,20.0,0.1,0.6568
cora,20.0,0.1,0.7340
cora,20.0,0.1,0.6601
cora,20.0,0.1,0.7947
cora,20.0,0.1,0.6732
cora,20.0,0.1,0.7586
cora,20.0,0.1,0.6683
cora,20.0,0.1,0.7619
citeseer,20.0,0.1,0.5802
citeseer,20.0,0.1,0.6070
citeseer,20.0,0.1,0.5802
citeseer,20.0,0.1,0.6658
citeseer,20.0,0.1,0.5882
citeseer,20.0,0.1,0.6671
citeseer,20.0,0.1,0.5561
citeseer,20.0,0.1,0.6364
citeseer,20.0,0.1,0.5789
citeseer,20.0,0.1,0.6471
citeseer,20.0,0.1,0.6070
citeseer,20.0,0.1,0.6150
citeseer,20.0,0.1,0.5936
citeseer,20.0,0.1,0.6324
citeseer,20.0,0.1,0.6230
citeseer,20.0,0.1,0.6136
citeseer,20.0,0.1,0.5869
citeseer,20.0,0.1,0.7019
citeseer,20.0,0.1,0.5829
citeseer,20.0,0.1,0.6511
pubmed,20.0,1.0,0.2324
pubmed,20.0,1.0,0.7969
pubmed,20.0,1.0,0.2638
pubmed,20.0,1.0,0.7881
pubmed,20.0,1.0,0.2315
pubmed,20.0,1.0,0.8000
pubmed,20.0,1.0,0.2378
pubmed,20.0,1.0,0.7058
pubmed,20.0,1.0,0.2725
pubmed,20.0,1.0,0.8084
pubmed,20.0,1.0,0.2710
pubmed,20.0,1.0,0.8091
pubmed,20.0,1.0,0.4252
pubmed,20.0,1.0,0.7193
pubmed,20.0,1.0,0.2628
pubmed,20.0,1.0,0.8028
pubmed,20.0,1.0,0.4222
pubmed,20.0,1.0,0.7971
pubmed,20.0,1.0,0.4513
pubmed,20.0,1.0,0.8025
cora,25.0,0.1,0.6437
cora,25.0,0.1,0.7734
cora,25.0,0.1,0.7011
cora,25.0,0.1,0.7767
cora,25.0,0.1,0.7176
cora,25.0,0.1,0.7521
cora,25.0,0.1,0.6700
cora,25.0,0.1,0.7849
cora,25.0,0.1,0.6979
cora,25.0,0.1,0.7931
cora,25.0,0.1,0.7176
cora,25.0,0.1,0.8046
cora,25.0,0.1,0.6568
cora,25.0,0.1,0.7356
cora,25.0,0.1,0.6568
cora,25.0,0.1,0.7947
cora,25.0,0.1,0.6749
cora,25.0,0.1,0.7603
cora,25.0,0.1,0.6568
cora,25.0,0.1,0.7619
citeseer,25.0,0.1,0.5682
citeseer,25.0,0.1,0.6056
citeseer,25.0,0.1,0.5802
citeseer,25.0,0.1,0.6644
citeseer,25.0,0.1,0.5789
citeseer,25.0,0.1,0.6698
citeseer,25.0,0.1,0.5575
citeseer,25.0,0.1,0.6324
citeseer,25.0,0.1,0.5695
citeseer,25.0,0.1,0.6457
citeseer,25.0,0.1,0.5922
citeseer,25.0,0.1,0.6163
citeseer,25.0,0.1,0.5842
citeseer,25.0,0.1,0.6324
citeseer,25.0,0.1,0.6136
citeseer,25.0,0.1,0.6123
citeseer,25.0,0.1,0.5896
citeseer,25.0,0.1,0.7019
citeseer,25.0,0.1,0.5842
citeseer,25.0,0.1,0.6524
pubmed,25.0,1.0,0.2347
pubmed,25.0,1.0,0.7944
pubmed,25.0,1.0,0.2687
pubmed,25.0,1.0,0.7865
pubmed,25.0,1.0,0.2344
pubmed,25.0,1.0,0.7973
pubmed,25.0,1.0,0.2387
pubmed,25.0,1.0,0.7106
pubmed,25.0,1.0,0.2759
pubmed,25.0,1.0,0.8185
pubmed,25.0,1.0,0.2759
pubmed,25.0,1.0,0.7969
pubmed,25.0,1.0,0.4008
pubmed,25.0,1.0,0.7081
pubmed,25.0,1.0,0.2662
pubmed,25.0,1.0,0.8133
pubmed,25.0,1.0,0.2687
pubmed,25.0,1.0,0.8068
pubmed,25.0,1.0,0.4574
pubmed,25.0,1.0,0.8055
cora,30.0,0.1,0.6404
cora,30.0,0.1,0.7734
cora,30.0,0.1,0.6864
cora,30.0,0.1,0.7767
cora,30.0,0.1,0.7126
cora,30.0,0.1,0.7521
cora,30.0,0.1,0.6568
cora,30.0,0.1,0.7849
cora,30.0,0.1,0.6913
cora,30.0,0.1,0.7931
cora,30.0,0.1,0.7044
cora,30.0,0.1,0.8046
cora,30.0,0.1,0.6535
cora,30.0,0.1,0.7340
cora,30.0,0.1,0.6667
cora,30.0,0.1,0.7947
cora,30.0,0.1,0.6667
cora,30.0,0.1,0.7586
cora,30.0,0.1,0.6634
cora,30.0,0.1,0.7619
citeseer,30.0,0.1,0.5668
citeseer,30.0,0.1,0.6083
citeseer,30.0,0.1,0.5789
citeseer,30.0,0.1,0.6644
citeseer,30.0,0.1,0.5802
citeseer,30.0,0.1,0.6698
citeseer,30.0,0.1,0.5441
citeseer,30.0,0.1,0.6350
citeseer,30.0,0.1,0.5802
citeseer,30.0,0.1,0.6484
citeseer,30.0,0.1,0.5949
citeseer,30.0,0.1,0.6176
citeseer,30.0,0.1,0.5882
citeseer,30.0,0.1,0.6324
citeseer,30.0,0.1,0.6243
citeseer,30.0,0.1,0.6110
citeseer,30.0,0.1,0.5976
citeseer,30.0,0.1,0.7019
citeseer,30.0,0.1,0.5789
citeseer,30.0,0.1,0.6524
pubmed,30.0,1.0,0.2353
pubmed,30.0,1.0,0.7964
pubmed,30.0,1.0,0.2723
pubmed,30.0,1.0,0.7998
pubmed,30.0,1.0,0.2369
pubmed,30.0,1.0,0.8003
pubmed,30.0,1.0,0.2534
pubmed,30.0,1.0,0.7133
pubmed,30.0,1.0,0.4044
pubmed,30.0,1.0,0.8057
pubmed,30.0,1.0,0.4173
pubmed,30.0,1.0,0.8052
pubmed,30.0,1.0,0.4087
pubmed,30.0,1.0,0.7067
pubmed,30.0,1.0,0.2773
pubmed,30.0,1.0,0.8007
pubmed,30.0,1.0,0.2640
pubmed,30.0,1.0,0.7967
pubmed,30.0,1.0,0.2523
pubmed,30.0,1.0,0.8109
cora,35.0,0.1,0.6322
cora,35.0,0.1,0.7734
cora,35.0,0.1,0.6880
cora,35.0,0.1,0.7767
cora,35.0,0.1,0.7077
cora,35.0,0.1,0.7521
cora,35.0,0.1,0.6716
cora,35.0,0.1,0.7849
cora,5.0,0.1,0.6749
cora,5.0,0.1,0.7865
cora,5.0,0.1,0.7389
cora,5.0,0.1,0.7685
cora,5.0,0.1,0.7635
cora,5.0,0.1,0.7356
cora,5.0,0.1,0.7110
cora,5.0,0.1,0.7635
cora,5.0,0.1,0.7274
cora,5.0,0.1,0.7685
cora,5.0,0.1,0.7159
cora,5.0,0.1,0.7964
cora,5.0,0.1,0.7126
cora,5.0,0.1,0.7750
cora,5.0,0.1,0.7077
cora,5.0,0.1,0.7915
cora,5.0,0.1,0.7126
cora,5.0,0.1,0.7603
cora,5.0,0.1,0.6897
cora,5.0,0.1,0.7718
citeseer,5.0,0.1,0.5963
citeseer,5.0,0.1,0.6150
citeseer,5.0,0.1,0.6029
citeseer,5.0,0.1,0.6631
citeseer,5.0,0.1,0.5936
citeseer,5.0,0.1,0.6564
citeseer,5.0,0.1,0.5762
citeseer,5.0,0.1,0.6497
citeseer,5.0,0.1,0.5668
citeseer,5.0,0.1,0.6390
citeseer,5.0,0.1,0.6136
citeseer,5.0,0.1,0.6457
citeseer,5.0,0.1,0.6016
citeseer,5.0,0.1,0.6564
citeseer,5.0,0.1,0.6230
citeseer,5.0,0.1,0.6350
citeseer,5.0,0.1,0.5869
citeseer,5.0,0.1,0.6858
citeseer,5.0,0.1,0.5989
citeseer,5.0,0.1,0.6818
pubmed,5.0,1.0,0.4103
pubmed,5.0,1.0,0.8176
pubmed,5.0,1.0,0.4400
pubmed,5.0,1.0,0.8185
pubmed,5.0,1.0,0.4258
pubmed,5.0,1.0,0.8131
pubmed,5.0,1.0,0.2392
pubmed,5.0,1.0,0.8115
pubmed,5.0,1.0,0.2351
pubmed,5.0,1.0,0.8118
pubmed,5.0,1.0,0.2405
pubmed,5.0,1.0,0.8145
pubmed,5.0,1.0,0.4182
pubmed,5.0,1.0,0.8188
cora,5.0,0.1,0.5813
cora,5.0,0.1,0.5813
cora,5.0,0.1,0.7865
cora,5.0,0.1,0.6453
cora,5.0,0.1,0.7685
cora,5.0,0.1,0.5846
cora,5.0,0.1,0.7898
cora,5.0,0.1,0.6420
cora,5.0,0.1,0.7734
cora,5.0,0.1,0.6749
cora,5.0,0.1,0.7389
cora,5.0,0.1,0.6092
cora,5.0,0.1,0.7586
cora,5.0,0.1,0.6355
cora,5.0,0.1,0.7685
cora,5.0,0.1,0.6617
cora,5.0,0.1,0.7980
cora,5.0,0.1,0.6141
cora,5.0,0.1,0.7701
cora,5.0,0.1,0.6240
cora,5.0,0.1,0.7898
cora,5.0,0.1,0.6289
cora,5.0,0.1,0.7635
cora,5.0,0.1,0.6371
cora,5.0,0.1,0.7652
citeseer,5.0,0.1,0.5294
citeseer,5.0,0.1,0.6163
citeseer,5.0,0.1,0.5241
citeseer,5.0,0.1,0.6604
citeseer,5.0,0.1,0.5147
citeseer,5.0,0.1,0.6537
citeseer,5.0,0.1,0.5000
citeseer,5.0,0.1,0.6578
citeseer,5.0,0.1,0.5401
citeseer,5.0,0.1,0.6404
citeseer,5.0,0.1,0.5695
citeseer,5.0,0.1,0.6551
citeseer,5.0,0.1,0.5374
citeseer,5.0,0.1,0.6631
citeseer,5.0,0.1,0.5735
citeseer,5.0,0.1,0.6310
citeseer,5.0,0.1,0.5682
citeseer,5.0,0.1,0.6925
citeseer,5.0,0.1,0.5455
citeseer,5.0,0.1,0.6832
pubmed,5.0,1.0,0.7390
pubmed,5.0,1.0,0.8127
pubmed,5.0,1.0,0.7768
pubmed,5.0,1.0,0.8163
pubmed,5.0,1.0,0.7403
pubmed,5.0,1.0,0.8167
pubmed,5.0,1.0,0.7538
pubmed,5.0,1.0,0.8073
pubmed,5.0,1.0,0.7426
pubmed,5.0,1.0,0.8064
pubmed,5.0,1.0,0.7243
pubmed,5.0,1.0,0.8124
pubmed,5.0,1.0,0.7268
pubmed,5.0,1.0,0.8201
pubmed,5.0,1.0,0.7387
pubmed,5.0,1.0,0.8251
pubmed,5.0,1.0,0.7399
pubmed,5.0,1.0,0.8097
pubmed,5.0,1.0,0.7444
pubmed,5.0,1.0,0.8266
cora,5.0,0.1,0.5337
cora,5.0,0.1,0.7898
cora,5.0,0.1,0.4351
cora,5.0,0.1,0.7734
cora,5.0,0.1,0.4171
cora,5.0,0.1,0.7389
cora,5.0,0.1,0.4236
cora,5.0,0.1,0.7586
cora,5.0,0.1,0.5074
cora,5.0,0.1,0.7685
cora,5.0,0.1,0.4663
cora,5.0,0.1,0.7980
cora,5.0,0.1,0.4401
cora,5.0,0.1,0.7701
cora,5.0,0.1,0.4647
cora,5.0,0.1,0.7898
cora,5.0,0.1,0.4696
cora,5.0,0.1,0.7635
cora,5.0,0.1,0.4548
cora,5.0,0.1,0.7652
citeseer,5.0,0.1,0.4626
citeseer,5.0,0.1,0.6163
citeseer,5.0,0.1,0.3971
citeseer,5.0,0.1,0.6604
citeseer,5.0,0.1,0.4479
citeseer,5.0,0.1,0.6551
citeseer,5.0,0.1,0.4198
citeseer,5.0,0.1,0.6578
citeseer,5.0,0.1,0.4225
citeseer,5.0,0.1,0.6404
citeseer,5.0,0.1,0.4666
citeseer,5.0,0.1,0.6551
citeseer,5.0,0.1,0.4318
citeseer,5.0,0.1,0.6631
citeseer,5.0,0.1,0.4612
citeseer,5.0,0.1,0.6310
citeseer,5.0,0.1,0.4251
citeseer,5.0,0.1,0.6925
citeseer,5.0,0.1,0.4158
citeseer,5.0,0.1,0.6818
pubmed,5.0,1.0,0.6704
pubmed,5.0,1.0,0.8140
pubmed,5.0,1.0,0.6761
pubmed,5.0,1.0,0.8158
pubmed,5.0,1.0,0.6988
pubmed,5.0,1.0,0.8165
pubmed,5.0,1.0,0.6317
pubmed,5.0,1.0,0.8091
pubmed,5.0,1.0,0.6700
pubmed,5.0,1.0,0.8059
pubmed,5.0,1.0,0.6819
pubmed,5.0,1.0,0.8138
pubmed,5.0,1.0,0.6851
pubmed,5.0,1.0,0.8197
pubmed,5.0,1.0,0.6729
pubmed,5.0,1.0,0.8237
pubmed,5.0,1.0,0.6788
pubmed,5.0,1.0,0.8097
pubmed,5.0,1.0,0.6607
pubmed,5.0,1.0,0.8273
cora,10.0,0.1,0.5534
cora,10.0,0.1,0.7898
cora,10.0,0.1,0.6076
cora,10.0,0.1,0.7734
cora,10.0,0.1,0.6552
cora,10.0,0.1,0.7389
cora,10.0,0.1,0.5829
cora,10.0,0.1,0.7586
cora,10.0,0.1,0.6190
cora,10.0,0.1,0.7685
cora,10.0,0.1,0.6256
cora,10.0,0.1,0.7980
cora,10.0,0.1,0.5977
cora,10.0,0.1,0.7701
cora,10.0,0.1,0.6076
cora,10.0,0.1,0.7898
cora,10.0,0.1,0.6043
cora,10.0,0.1,0.7635
cora,10.0,0.1,0.6076
cora,10.0,0.1,0.7652
citeseer,10.0,0.1,0.4987
citeseer,10.0,0.1,0.6163
citeseer,10.0,0.1,0.5120
citeseer,10.0,0.1,0.6604
citeseer,10.0,0.1,0.4920
citeseer,10.0,0.1,0.6537
citeseer,10.0,0.1,0.4840
citeseer,10.0,0.1,0.6578
citeseer,10.0,0.1,0.5134
citeseer,10.0,0.1,0.6404
citeseer,10.0,0.1,0.5535
citeseer,10.0,0.1,0.6551
citeseer,10.0,0.1,0.5094
citeseer,10.0,0.1,0.6631
citeseer,10.0,0.1,0.5668
citeseer,10.0,0.1,0.6310
citeseer,10.0,0.1,0.5495
citeseer,10.0,0.1,0.6925
citeseer,10.0,0.1,0.5361
citeseer,10.0,0.1,0.6832
pubmed,10.0,1.0,0.7426
pubmed,10.0,1.0,0.8122
pubmed,10.0,1.0,0.7538
pubmed,10.0,1.0,0.8161
pubmed,10.0,1.0,0.7439
pubmed,10.0,1.0,0.8172
pubmed,10.0,1.0,0.7441
pubmed,10.0,1.0,0.8091
pubmed,10.0,1.0,0.7209
pubmed,10.0,1.0,0.8055
pubmed,10.0,1.0,0.7284
pubmed,10.0,1.0,0.8120
pubmed,10.0,1.0,0.7193
pubmed,10.0,1.0,0.8208
pubmed,10.0,1.0,0.7211
pubmed,10.0,1.0,0.8251
pubmed,10.0,1.0,0.7430
pubmed,10.0,1.0,0.8086
pubmed,10.0,1.0,0.7324
pubmed,10.0,1.0,0.8257
cora,10.0,0.1,0.4663
cora,10.0,0.1,0.7898
cora,10.0,0.1,0.3202
cora,10.0,0.1,0.7734
cora,10.0,0.1,0.3251
cora,10.0,0.1,0.7389
cora,10.0,0.1,0.3317
cora,10.0,0.1,0.7586
cora,10.0,0.1,0.4187
cora,10.0,0.1,0.7685
cora,10.0,0.1,0.3793
cora,10.0,0.1,0.7980
cora,10.0,0.1,0.3448
cora,10.0,0.1,0.7701
cora,10.0,0.1,0.3744
cora,10.0,0.1,0.7898
cora,10.0,0.1,0.3695
cora,10.0,0.1,0.7635
cora,10.0,0.1,0.3629
cora,10.0,0.1,0.7652
citeseer,10.0,0.1,0.4051
citeseer,10.0,0.1,0.6163
citeseer,10.0,0.1,0.3155
citeseer,10.0,0.1,0.6604
citeseer,10.0,0.1,0.3676
citeseer,10.0,0.1,0.6537
citeseer,10.0,0.1,0.3610
citeseer,10.0,0.1,0.6578
citeseer,10.0,0.1,0.3503
citeseer,10.0,0.1,0.6404
citeseer,10.0,0.1,0.4037
citeseer,10.0,0.1,0.6551
citeseer,10.0,0.1,0.3556
citeseer,10.0,0.1,0.6631
citeseer,10.0,0.1,0.3971
citeseer,10.0,0.1,0.6310
citeseer,10.0,0.1,0.3516
citeseer,10.0,0.1,0.6925
citeseer,10.0,0.1,0.3703
citeseer,10.0,0.1,0.6818
pubmed,10.0,1.0,0.5992
pubmed,10.0,1.0,0.8124
pubmed,10.0,1.0,0.6220
pubmed,10.0,1.0,0.8151
pubmed,10.0,1.0,0.6637
pubmed,10.0,1.0,0.8158
pubmed,10.0,1.0,0.5645
pubmed,10.0,1.0,0.8091
pubmed,10.0,1.0,0.5990
pubmed,10.0,1.0,0.8066
pubmed,10.0,1.0,0.6456
pubmed,10.0,1.0,0.8131
pubmed,10.0,1.0,0.6066
pubmed,10.0,1.0,0.8212
pubmed,10.0,1.0,0.6249
pubmed,10.0,1.0,0.8251
pubmed,10.0,1.0,0.6317
pubmed,10.0,1.0,0.8100
pubmed,10.0,1.0,0.6032
pubmed,10.0,1.0,0.8266
cora,15.0,0.1,0.5435
cora,15.0,0.1,0.7898
cora,15.0,0.1,0.5846
cora,15.0,0.1,0.7734
cora,15.0,0.1,0.6535
cora,15.0,0.1,0.7389
cora,15.0,0.1,0.5698
cora,15.0,0.1,0.7586
cora,15.0,0.1,0.5862
cora,15.0,0.1,0.7685
cora,15.0,0.1,0.6010
cora,15.0,0.1,0.7980
cora,15.0,0.1,0.5665
cora,15.0,0.1,0.7701
cora,15.0,0.1,0.5599
cora,15.0,0.1,0.7898
cora,15.0,0.1,0.5961
cora,15.0,0.1,0.7635
cora,15.0,0.1,0.5895
cora,15.0,0.1,0.7652
citeseer,15.0,0.1,0.4920
citeseer,15.0,0.1,0.6163
citeseer,15.0,0.1,0.4933
citeseer,15.0,0.1,0.6604
citeseer,15.0,0.1,0.4813
citeseer,15.0,0.1,0.6537
citeseer,15.0,0.1,0.4719
citeseer,15.0,0.1,0.6578
citeseer,15.0,0.1,0.5040
citeseer,15.0,0.1,0.6404
citeseer,15.0,0.1,0.5361
citeseer,15.0,0.1,0.6551
citeseer,15.0,0.1,0.4853
citeseer,15.0,0.1,0.6631
citeseer,15.0,0.1,0.5374
citeseer,15.0,0.1,0.6310
citeseer,15.0,0.1,0.5374
citeseer,15.0,0.1,0.6925
citeseer,15.0,0.1,0.5294
citeseer,15.0,0.1,0.6818
pubmed,15.0,1.0,0.7390
pubmed,15.0,1.0,0.8115
pubmed,15.0,1.0,0.7471
pubmed,15.0,1.0,0.8163
pubmed,15.0,1.0,0.7340
pubmed,15.0,1.0,0.8174
pubmed,15.0,1.0,0.7272
pubmed,15.0,1.0,0.8070
pubmed,15.0,1.0,0.7180
pubmed,15.0,1.0,0.8068
pubmed,15.0,1.0,0.7220
pubmed,15.0,1.0,0.8133
pubmed,15.0,1.0,0.7234
pubmed,15.0,1.0,0.8194
pubmed,15.0,1.0,0.7288
pubmed,15.0,1.0,0.8255
pubmed,15.0,1.0,0.7340
pubmed,15.0,1.0,0.8095
pubmed,15.0,1.0,0.7333
pubmed,15.0,1.0,0.8278
cora,15.0,0.1,0.4171
cora,15.0,0.1,0.7898
cora,15.0,0.1,0.2693
cora,15.0,0.1,0.7734
cora,15.0,0.1,0.2644
cora,15.0,0.1,0.7389
cora,15.0,0.1,0.3021
cora,15.0,0.1,0.7586
cora,15.0,0.1,0.3612
cora,15.0,0.1,0.7685
cora,15.0,0.1,0.3136
cora,15.0,0.1,0.7980
cora,15.0,0.1,0.2808
cora,15.0,0.1,0.7701
cora,15.0,0.1,0.3103
cora,15.0,0.1,0.7898
cora,15.0,0.1,0.3087
cora,15.0,0.1,0.7635
cora,15.0,0.1,0.3071
cora,15.0,0.1,0.7652
citeseer,15.0,0.1,0.3556
citeseer,15.0,0.1,0.6163
citeseer,15.0,0.1,0.2888
citeseer,15.0,0.1,0.6604
citeseer,15.0,0.1,0.3035
citeseer,15.0,0.1,0.6537
citeseer,15.0,0.1,0.3168
citeseer,15.0,0.1,0.6578
citeseer,15.0,0.1,0.3021
citeseer,15.0,0.1,0.6404
citeseer,15.0,0.1,0.3663
citeseer,15.0,0.1,0.6551
citeseer,15.0,0.1,0.3302
citeseer,15.0,0.1,0.6631
citeseer,15.0,0.1,0.3556
citeseer,15.0,0.1,0.6310
citeseer,15.0,0.1,0.3008
citeseer,15.0,0.1,0.6925
citeseer,15.0,0.1,0.3329
citeseer,15.0,0.1,0.6818
pubmed,15.0,1.0,0.5444
pubmed,15.0,1.0,0.8122
pubmed,15.0,1.0,0.5915
pubmed,15.0,1.0,0.8149
pubmed,15.0,1.0,0.6091
pubmed,15.0,1.0,0.8161
pubmed,15.0,1.0,0.5280
pubmed,15.0,1.0,0.8086
pubmed,15.0,1.0,0.5663
pubmed,15.0,1.0,0.8066
pubmed,15.0,1.0,0.6202
pubmed,15.0,1.0,0.8127
pubmed,15.0,1.0,0.5681
pubmed,15.0,1.0,0.8206
pubmed,15.0,1.0,0.5769
pubmed,15.0,1.0,0.8246
pubmed,15.0,1.0,0.5976
pubmed,15.0,1.0,0.8100
pubmed,15.0,1.0,0.5482
pubmed,15.0,1.0,0.8275
cora,20.0,0.1,0.5205
cora,20.0,0.1,0.7898
cora,20.0,0.1,0.5468
cora,20.0,0.1,0.7734
cora,20.0,0.1,0.6371
cora,20.0,0.1,0.7389
cora,20.0,0.1,0.5583
cora,20.0,0.1,0.7586
cora,20.0,0.1,0.5681
cora,20.0,0.1,0.7685
cora,20.0,0.1,0.5649
cora,20.0,0.1,0.7980
cora,20.0,0.1,0.5386
cora,20.0,0.1,0.7701
cora,20.0,0.1,0.5452
cora,20.0,0.1,0.7898
cora,20.0,0.1,0.5813
cora,20.0,0.1,0.7635
cora,20.0,0.1,0.5649
cora,20.0,0.1,0.7652
citeseer,20.0,0.1,0.4799
citeseer,20.0,0.1,0.6163
citeseer,20.0,0.1,0.4786
citeseer,20.0,0.1,0.6604
citeseer,20.0,0.1,0.4626
citeseer,20.0,0.1,0.6537
citeseer,20.0,0.1,0.4559
citeseer,20.0,0.1,0.6578
citeseer,20.0,0.1,0.4893
citeseer,20.0,0.1,0.6404
citeseer,20.0,0.1,0.5214
citeseer,20.0,0.1,0.6551
citeseer,20.0,0.1,0.4612
citeseer,20.0,0.1,0.6631
citeseer,20.0,0.1,0.5147
citeseer,20.0,0.1,0.6310
<<<<<<< HEAD
citeseer,20.0,0.1,0.5214
citeseer,20.0,0.1,0.6925
citeseer,20.0,0.1,0.5214
citeseer,20.0,0.1,0.6832
pubmed,20.0,1.0,0.7272
pubmed,20.0,1.0,0.8118
pubmed,20.0,1.0,0.7367
pubmed,20.0,1.0,0.8142
pubmed,20.0,1.0,0.7218
pubmed,20.0,1.0,0.8161
pubmed,20.0,1.0,0.7169
pubmed,20.0,1.0,0.8073
pubmed,20.0,1.0,0.6988
pubmed,20.0,1.0,0.8061
pubmed,20.0,1.0,0.7099
pubmed,20.0,1.0,0.8115
pubmed,20.0,1.0,0.7087
pubmed,20.0,1.0,0.8212
pubmed,20.0,1.0,0.7189
pubmed,20.0,1.0,0.8251
pubmed,20.0,1.0,0.7261
pubmed,20.0,1.0,0.8091
pubmed,20.0,1.0,0.7254
pubmed,20.0,1.0,0.8282
cora,20.0,0.1,0.3760
cora,20.0,0.1,0.7898
cora,20.0,0.1,0.2397
cora,20.0,0.1,0.7734
cora,20.0,0.1,0.2496
cora,20.0,0.1,0.7389
cora,20.0,0.1,0.2808
cora,20.0,0.1,0.7586
cora,20.0,0.1,0.3300
cora,20.0,0.1,0.7685
cora,20.0,0.1,0.2775
cora,20.0,0.1,0.7980
cora,20.0,0.1,0.2496
cora,20.0,0.1,0.7701
cora,20.0,0.1,0.2775
cora,20.0,0.1,0.7898
cora,20.0,0.1,0.2562
cora,20.0,0.1,0.7635
cora,20.0,0.1,0.2791
cora,20.0,0.1,0.7652
citeseer,20.0,0.1,0.3195
citeseer,20.0,0.1,0.6163
citeseer,20.0,0.1,0.2714
citeseer,20.0,0.1,0.6604
citeseer,20.0,0.1,0.2701
citeseer,20.0,0.1,0.6537
citeseer,20.0,0.1,0.2901
citeseer,20.0,0.1,0.6578
citeseer,20.0,0.1,0.2701
citeseer,20.0,0.1,0.6404
citeseer,20.0,0.1,0.3409
citeseer,20.0,0.1,0.6551
citeseer,20.0,0.1,0.3155
citeseer,20.0,0.1,0.6644
citeseer,20.0,0.1,0.3289
citeseer,20.0,0.1,0.6310
citeseer,20.0,0.1,0.2647
citeseer,20.0,0.1,0.6925
citeseer,20.0,0.1,0.3128
citeseer,20.0,0.1,0.6832
pubmed,20.0,1.0,0.5295
pubmed,20.0,1.0,0.8136
pubmed,20.0,1.0,0.5642
pubmed,20.0,1.0,0.8147
pubmed,20.0,1.0,0.5748
pubmed,20.0,1.0,0.8163
pubmed,20.0,1.0,0.5020
pubmed,20.0,1.0,0.8079
pubmed,20.0,1.0,0.5286
pubmed,20.0,1.0,0.8061
pubmed,20.0,1.0,0.5940
pubmed,20.0,1.0,0.8138
pubmed,20.0,1.0,0.5232
pubmed,20.0,1.0,0.8208
pubmed,20.0,1.0,0.5349
pubmed,20.0,1.0,0.8248
pubmed,20.0,1.0,0.5683
pubmed,20.0,1.0,0.8120
pubmed,20.0,1.0,0.5239
pubmed,20.0,1.0,0.8269
cora,25.0,0.1,0.4975
cora,25.0,0.1,0.7898
cora,25.0,0.1,0.5123
cora,25.0,0.1,0.7734
cora,25.0,0.1,0.6125
cora,25.0,0.1,0.7389
cora,25.0,0.1,0.5435
cora,25.0,0.1,0.7586
cora,25.0,0.1,0.5484
cora,25.0,0.1,0.7685
cora,25.0,0.1,0.5501
cora,25.0,0.1,0.7980
cora,25.0,0.1,0.5140
cora,25.0,0.1,0.7701
cora,25.0,0.1,0.5271
cora,25.0,0.1,0.7898
cora,25.0,0.1,0.5616
cora,25.0,0.1,0.7635
cora,25.0,0.1,0.5599
cora,25.0,0.1,0.7652
citeseer,25.0,0.1,0.4706
citeseer,25.0,0.1,0.6163
citeseer,25.0,0.1,0.4666
citeseer,25.0,0.1,0.6604
citeseer,25.0,0.1,0.4479
citeseer,25.0,0.1,0.6537
citeseer,25.0,0.1,0.4332
citeseer,25.0,0.1,0.6578
citeseer,25.0,0.1,0.4759
citeseer,25.0,0.1,0.6404
citeseer,25.0,0.1,0.5067
citeseer,25.0,0.1,0.6551
citeseer,25.0,0.1,0.4532
citeseer,25.0,0.1,0.6631
citeseer,25.0,0.1,0.4947
citeseer,25.0,0.1,0.6310
citeseer,25.0,0.1,0.5013
citeseer,25.0,0.1,0.6925
citeseer,25.0,0.1,0.5013
citeseer,25.0,0.1,0.6832
pubmed,25.0,1.0,0.7171
pubmed,25.0,1.0,0.8127
pubmed,25.0,1.0,0.7279
pubmed,25.0,1.0,0.8145
pubmed,25.0,1.0,0.7166
pubmed,25.0,1.0,0.8172
pubmed,25.0,1.0,0.7085
pubmed,25.0,1.0,0.8073
pubmed,25.0,1.0,0.6830
pubmed,25.0,1.0,0.8073
pubmed,25.0,1.0,0.7020
pubmed,25.0,1.0,0.8131
pubmed,25.0,1.0,0.7013
pubmed,25.0,1.0,0.8208
pubmed,25.0,1.0,0.7146
pubmed,25.0,1.0,0.8246
pubmed,25.0,1.0,0.7171
pubmed,25.0,1.0,0.8102
pubmed,25.0,1.0,0.7094
pubmed,25.0,1.0,0.8280
cora,25.0,0.1,0.3547
cora,25.0,0.1,0.7898
cora,25.0,0.1,0.2282
cora,25.0,0.1,0.7734
cora,25.0,0.1,0.2381
cora,25.0,0.1,0.7389
cora,25.0,0.1,0.2742
cora,25.0,0.1,0.7586
cora,25.0,0.1,0.3120
cora,25.0,0.1,0.7685
cora,25.0,0.1,0.2463
cora,25.0,0.1,0.7980
cora,25.0,0.1,0.2299
cora,25.0,0.1,0.7701
cora,25.0,0.1,0.2594
cora,25.0,0.1,0.7898
cora,25.0,0.1,0.2282
cora,25.0,0.1,0.7635
cora,25.0,0.1,0.2562
cora,25.0,0.1,0.7652
citeseer,25.0,0.1,0.2981
citeseer,25.0,0.1,0.6163
citeseer,25.0,0.1,0.2513
citeseer,25.0,0.1,0.6604
citeseer,25.0,0.1,0.2607
citeseer,25.0,0.1,0.6537
citeseer,25.0,0.1,0.2714
citeseer,25.0,0.1,0.6578
citeseer,25.0,0.1,0.2540
citeseer,25.0,0.1,0.6404
citeseer,25.0,0.1,0.3235
citeseer,25.0,0.1,0.6551
citeseer,25.0,0.1,0.3048
citeseer,25.0,0.1,0.6644
citeseer,25.0,0.1,0.3128
citeseer,25.0,0.1,0.6310
citeseer,25.0,0.1,0.2380
citeseer,25.0,0.1,0.6925
citeseer,25.0,0.1,0.2981
citeseer,25.0,0.1,0.6818
pubmed,25.0,1.0,0.5043
pubmed,25.0,1.0,0.8120
pubmed,25.0,1.0,0.5469
pubmed,25.0,1.0,0.8142
pubmed,25.0,1.0,0.5530
pubmed,25.0,1.0,0.8165
pubmed,25.0,1.0,0.4745
pubmed,25.0,1.0,0.8079
pubmed,25.0,1.0,0.4914
pubmed,25.0,1.0,0.8070
pubmed,25.0,1.0,0.5796
pubmed,25.0,1.0,0.8138
pubmed,25.0,1.0,0.4901
pubmed,25.0,1.0,0.8212
pubmed,25.0,1.0,0.5099
pubmed,25.0,1.0,0.8253
pubmed,25.0,1.0,0.5512
pubmed,25.0,1.0,0.8095
pubmed,25.0,1.0,0.5011
pubmed,25.0,1.0,0.8275
cora,30.0,0.1,0.4778
cora,30.0,0.1,0.7898
cora,30.0,0.1,0.4959
cora,30.0,0.1,0.7734
cora,30.0,0.1,0.5928
cora,30.0,0.1,0.7389
cora,30.0,0.1,0.5222
cora,30.0,0.1,0.7586
cora,30.0,0.1,0.5435
cora,30.0,0.1,0.7685
cora,30.0,0.1,0.5337
cora,30.0,0.1,0.7980
cora,30.0,0.1,0.5074
cora,30.0,0.1,0.7701
cora,30.0,0.1,0.5172
cora,30.0,0.1,0.7898
cora,30.0,0.1,0.5517
cora,30.0,0.1,0.7635
cora,30.0,0.1,0.5484
cora,30.0,0.1,0.7652
citeseer,30.0,0.1,0.4626
citeseer,30.0,0.1,0.6163
citeseer,30.0,0.1,0.4545
citeseer,30.0,0.1,0.6604
citeseer,30.0,0.1,0.4238
citeseer,30.0,0.1,0.6537
citeseer,30.0,0.1,0.4291
citeseer,30.0,0.1,0.6578
citeseer,30.0,0.1,0.4545
citeseer,30.0,0.1,0.6404
citeseer,30.0,0.1,0.5027
citeseer,30.0,0.1,0.6551
citeseer,30.0,0.1,0.4492
citeseer,30.0,0.1,0.6631
citeseer,30.0,0.1,0.4773
citeseer,30.0,0.1,0.6310
citeseer,30.0,0.1,0.4813
citeseer,30.0,0.1,0.6925
citeseer,30.0,0.1,0.4906
citeseer,30.0,0.1,0.6818
pubmed,30.0,1.0,0.7085
pubmed,30.0,1.0,0.8131
pubmed,30.0,1.0,0.7175
pubmed,30.0,1.0,0.8149
pubmed,30.0,1.0,0.7038
pubmed,30.0,1.0,0.8165
pubmed,30.0,1.0,0.6963
pubmed,30.0,1.0,0.8073
pubmed,30.0,1.0,0.6763
pubmed,30.0,1.0,0.8050
pubmed,30.0,1.0,0.6923
pubmed,30.0,1.0,0.8138
pubmed,30.0,1.0,0.6970
pubmed,30.0,1.0,0.8201
pubmed,30.0,1.0,0.7083
pubmed,30.0,1.0,0.8233
pubmed,30.0,1.0,0.7101
pubmed,30.0,1.0,0.8086
pubmed,30.0,1.0,0.7022
pubmed,30.0,1.0,0.8275
cora,30.0,0.1,0.3383
cora,30.0,0.1,0.7898
cora,30.0,0.1,0.2184
cora,30.0,0.1,0.7734
cora,30.0,0.1,0.2332
cora,30.0,0.1,0.7389
cora,30.0,0.1,0.2594
cora,30.0,0.1,0.7586
cora,30.0,0.1,0.2841
cora,30.0,0.1,0.7685
cora,30.0,0.1,0.2365
cora,30.0,0.1,0.7980
cora,30.0,0.1,0.2118
cora,30.0,0.1,0.7701
cora,30.0,0.1,0.2381
cora,30.0,0.1,0.7898
cora,30.0,0.1,0.2102
cora,30.0,0.1,0.7635
cora,30.0,0.1,0.2365
cora,30.0,0.1,0.7652
citeseer,30.0,0.1,0.2807
citeseer,30.0,0.1,0.6163
citeseer,30.0,0.1,0.2393
citeseer,30.0,0.1,0.6604
citeseer,30.0,0.1,0.2433
citeseer,30.0,0.1,0.6537
citeseer,30.0,0.1,0.2594
citeseer,30.0,0.1,0.6578
citeseer,30.0,0.1,0.2340
citeseer,30.0,0.1,0.6404
citeseer,30.0,0.1,0.3142
citeseer,30.0,0.1,0.6551
citeseer,30.0,0.1,0.2955
citeseer,30.0,0.1,0.6631
citeseer,30.0,0.1,0.3061
citeseer,30.0,0.1,0.6310
citeseer,30.0,0.1,0.2299
citeseer,30.0,0.1,0.6925
citeseer,30.0,0.1,0.2874
citeseer,30.0,0.1,0.6832
pubmed,30.0,1.0,0.4887
pubmed,30.0,1.0,0.8131
pubmed,30.0,1.0,0.5316
pubmed,30.0,1.0,0.8147
pubmed,30.0,1.0,0.5442
pubmed,30.0,1.0,0.8149
pubmed,30.0,1.0,0.4418
pubmed,30.0,1.0,0.8093
pubmed,30.0,1.0,0.4768
pubmed,30.0,1.0,0.8066
pubmed,30.0,1.0,0.5661
pubmed,30.0,1.0,0.8133
pubmed,30.0,1.0,0.4648
pubmed,30.0,1.0,0.8215
pubmed,30.0,1.0,0.4847
pubmed,30.0,1.0,0.8251
pubmed,30.0,1.0,0.5268
pubmed,30.0,1.0,0.8095
pubmed,30.0,1.0,0.4901
pubmed,30.0,1.0,0.8266
cora,35.0,0.1,0.4466
cora,35.0,0.1,0.7898
cora,35.0,0.1,0.4729
cora,35.0,0.1,0.7734
cora,35.0,0.1,0.5698
cora,35.0,0.1,0.7389
cora,35.0,0.1,0.5008
cora,35.0,0.1,0.7586
cora,35.0,0.1,0.5238
cora,35.0,0.1,0.7685
cora,35.0,0.1,0.5189
cora,35.0,0.1,0.7980
cora,35.0,0.1,0.5025
cora,35.0,0.1,0.7701
cora,35.0,0.1,0.5008
cora,35.0,0.1,0.7898
cora,35.0,0.1,0.5255
cora,35.0,0.1,0.7635
cora,35.0,0.1,0.5386
cora,35.0,0.1,0.7652
citeseer,35.0,0.1,0.4452
citeseer,35.0,0.1,0.6163
citeseer,35.0,0.1,0.4332
citeseer,35.0,0.1,0.6604
citeseer,35.0,0.1,0.4171
citeseer,35.0,0.1,0.6537
citeseer,35.0,0.1,0.4104
citeseer,35.0,0.1,0.6578
citeseer,35.0,0.1,0.4479
citeseer,35.0,0.1,0.6404
citeseer,35.0,0.1,0.5027
citeseer,35.0,0.1,0.6551
citeseer,35.0,0.1,0.4398
citeseer,35.0,0.1,0.6631
citeseer,35.0,0.1,0.4679
citeseer,35.0,0.1,0.6310
citeseer,35.0,0.1,0.4693
citeseer,35.0,0.1,0.6925
citeseer,35.0,0.1,0.4773
citeseer,35.0,0.1,0.6818
pubmed,35.0,1.0,0.6988
pubmed,35.0,1.0,0.8136
pubmed,35.0,1.0,0.7051
pubmed,35.0,1.0,0.8147
pubmed,35.0,1.0,0.6957
pubmed,35.0,1.0,0.8167
pubmed,35.0,1.0,0.6855
pubmed,35.0,1.0,0.8073
pubmed,35.0,1.0,0.6686
pubmed,35.0,1.0,0.8055
pubmed,35.0,1.0,0.6830
pubmed,35.0,1.0,0.8129
pubmed,35.0,1.0,0.6925
pubmed,35.0,1.0,0.8201
pubmed,35.0,1.0,0.6986
pubmed,35.0,1.0,0.8244
pubmed,35.0,1.0,0.7015
pubmed,35.0,1.0,0.8104
pubmed,35.0,1.0,0.6943
pubmed,35.0,1.0,0.8282
cora,35.0,0.1,0.3218
cora,35.0,0.1,0.7898
cora,35.0,0.1,0.2135
cora,35.0,0.1,0.7734
cora,35.0,0.1,0.2315
cora,35.0,0.1,0.7389
cora,35.0,0.1,0.2594
cora,35.0,0.1,0.7586
cora,35.0,0.1,0.2660
cora,35.0,0.1,0.7685
cora,35.0,0.1,0.2184
cora,35.0,0.1,0.7980
cora,35.0,0.1,0.2102
cora,35.0,0.1,0.7701
cora,35.0,0.1,0.2315
cora,35.0,0.1,0.7898
cora,35.0,0.1,0.1938
cora,35.0,0.1,0.7635
cora,35.0,0.1,0.2217
cora,35.0,0.1,0.7652
citeseer,35.0,0.1,0.2701
citeseer,35.0,0.1,0.6163
citeseer,35.0,0.1,0.2286
citeseer,35.0,0.1,0.6604
citeseer,35.0,0.1,0.2340
citeseer,35.0,0.1,0.6537
citeseer,35.0,0.1,0.2540
citeseer,35.0,0.1,0.6578
citeseer,35.0,0.1,0.2299
citeseer,35.0,0.1,0.6404
citeseer,35.0,0.1,0.3048
citeseer,35.0,0.1,0.6551
citeseer,35.0,0.1,0.2781
citeseer,35.0,0.1,0.6644
citeseer,35.0,0.1,0.3021
citeseer,35.0,0.1,0.6310
citeseer,35.0,0.1,0.2179
citeseer,35.0,0.1,0.6925
citeseer,35.0,0.1,0.2727
citeseer,35.0,0.1,0.6818
pubmed,35.0,1.0,0.4768
pubmed,35.0,1.0,0.8142
pubmed,35.0,1.0,0.5185
pubmed,35.0,1.0,0.8151
pubmed,35.0,1.0,0.5322
pubmed,35.0,1.0,0.8179
pubmed,35.0,1.0,0.4177
pubmed,35.0,1.0,0.8093
pubmed,35.0,1.0,0.4687
pubmed,35.0,1.0,0.8075
pubmed,35.0,1.0,0.5525
pubmed,35.0,1.0,0.8120
pubmed,35.0,1.0,0.4430
pubmed,35.0,1.0,0.8192
pubmed,35.0,1.0,0.4689
pubmed,35.0,1.0,0.8260
pubmed,35.0,1.0,0.4928
pubmed,35.0,1.0,0.8100
pubmed,35.0,1.0,0.4795
pubmed,35.0,1.0,0.8262
cora,40.0,0.1,0.4401
cora,40.0,0.1,0.7898
cora,40.0,0.1,0.4516
cora,40.0,0.1,0.7734
cora,40.0,0.1,0.5567
cora,40.0,0.1,0.7389
cora,40.0,0.1,0.4877
cora,40.0,0.1,0.7586
cora,40.0,0.1,0.5140
cora,40.0,0.1,0.7685
cora,40.0,0.1,0.4992
cora,40.0,0.1,0.7980
cora,40.0,0.1,0.4844
cora,40.0,0.1,0.7701
cora,40.0,0.1,0.4713
cora,40.0,0.1,0.7898
cora,40.0,0.1,0.5107
cora,40.0,0.1,0.7635
cora,40.0,0.1,0.5255
cora,40.0,0.1,0.7652
citeseer,40.0,0.1,0.4372
citeseer,40.0,0.1,0.6163
citeseer,40.0,0.1,0.4184
citeseer,40.0,0.1,0.6604
citeseer,40.0,0.1,0.4144
citeseer,40.0,0.1,0.6537
citeseer,40.0,0.1,0.4011
citeseer,40.0,0.1,0.6578
citeseer,40.0,0.1,0.4439
citeseer,40.0,0.1,0.6404
citeseer,40.0,0.1,0.4906
citeseer,40.0,0.1,0.6551
citeseer,40.0,0.1,0.4291
citeseer,40.0,0.1,0.6631
citeseer,40.0,0.1,0.4479
citeseer,40.0,0.1,0.6310
citeseer,40.0,0.1,0.4652
citeseer,40.0,0.1,0.6925
citeseer,40.0,0.1,0.4706
citeseer,40.0,0.1,0.6832
pubmed,40.0,1.0,0.6916
pubmed,40.0,1.0,0.8115
pubmed,40.0,1.0,0.6982
pubmed,40.0,1.0,0.8147
pubmed,40.0,1.0,0.6896
pubmed,40.0,1.0,0.8161
pubmed,40.0,1.0,0.6790
pubmed,40.0,1.0,0.8088
pubmed,40.0,1.0,0.6592
pubmed,40.0,1.0,0.8057
pubmed,40.0,1.0,0.6774
pubmed,40.0,1.0,0.8122
pubmed,40.0,1.0,0.6828
pubmed,40.0,1.0,0.8203
pubmed,40.0,1.0,0.6950
pubmed,40.0,1.0,0.8264
pubmed,40.0,1.0,0.6943
pubmed,40.0,1.0,0.8113
pubmed,40.0,1.0,0.6885
pubmed,40.0,1.0,0.8269
cora,40.0,0.1,0.3103
cora,40.0,0.1,0.7898
cora,40.0,0.1,0.2118
cora,40.0,0.1,0.7734
cora,40.0,0.1,0.2266
cora,40.0,0.1,0.7389
cora,40.0,0.1,0.2545
cora,40.0,0.1,0.7586
cora,40.0,0.1,0.2594
cora,40.0,0.1,0.7685
cora,40.0,0.1,0.2102
cora,40.0,0.1,0.7980
cora,40.0,0.1,0.2020
cora,40.0,0.1,0.7701
cora,40.0,0.1,0.2266
cora,40.0,0.1,0.7898
cora,40.0,0.1,0.1839
cora,40.0,0.1,0.7635
cora,40.0,0.1,0.2151
cora,40.0,0.1,0.7652
citeseer,40.0,0.1,0.2594
citeseer,40.0,0.1,0.6163
citeseer,40.0,0.1,0.2179
citeseer,40.0,0.1,0.6604
citeseer,40.0,0.1,0.2179
citeseer,40.0,0.1,0.6537
citeseer,40.0,0.1,0.2553
citeseer,40.0,0.1,0.6578
citeseer,40.0,0.1,0.2193
citeseer,40.0,0.1,0.6404
citeseer,40.0,0.1,0.2941
citeseer,40.0,0.1,0.6551
citeseer,40.0,0.1,0.2687
citeseer,40.0,0.1,0.6644
citeseer,40.0,0.1,0.2901
citeseer,40.0,0.1,0.6310
citeseer,40.0,0.1,0.2045
citeseer,40.0,0.1,0.6925
citeseer,40.0,0.1,0.2660
citeseer,40.0,0.1,0.6832
pubmed,40.0,1.0,0.4646
pubmed,40.0,1.0,0.8122
pubmed,40.0,1.0,0.5110
flickr,5.0,0.001,0.4746
pubmed,40.0,1.0,0.8145
flickr,5.0,0.001,0.3911
flickr,5.0,0.001,0.3870
pubmed,40.0,1.0,0.5203
pubmed,40.0,1.0,0.8161
pubmed,40.0,1.0,0.4049
pubmed,40.0,1.0,0.8084
pubmed,40.0,1.0,0.4637
pubmed,40.0,1.0,0.8055
pubmed,40.0,1.0,0.5451
pubmed,40.0,1.0,0.8131
pubmed,40.0,1.0,0.4290
pubmed,40.0,1.0,0.8194
pubmed,40.0,1.0,0.4551
pubmed,40.0,1.0,0.8253
pubmed,40.0,1.0,0.4723
flickr,5.0,0.001,0.3934
pubmed,40.0,1.0,0.8104
flickr,5.0,0.001,0.3895
pubmed,40.0,1.0,0.4669
pubmed,40.0,1.0,0.8278
flickr,5.0,0.001,0.3851
flickr,5.0,0.001,0.3758
flickr,5.0,0.001,0.3907
flickr,5.0,0.001,0.3701
flickr,5.0,0.001,0.3902
flickr,5.0,0.001,0.3816
flickr,5.0,0.001,0.3819
flickr,5.0,0.001,0.3805
flickr,5.0,0.001,0.3882
flickr,5.0,0.001,0.3763
flickr,5.0,0.001,0.3911
flickr,5.0,0.001,0.3929
flickr,5.0,0.001,0.3947
flickr,5.0,0.001,0.4001
flickr,5.0,0.001,0.4041
flickr,5.0,0.001,0.3860
reddit,10,0.001,0.9087
flickr,5.0,0.1,0.3069
reddit,10,0.001,0.9115
flickr,5.0,0.1,0.3752
reddit,10,0.001,0.9162
reddit,10,0.001,0.9135
flickr,5.0,0.1,0.2907
flickr,5.0,0.1,0.3872
reddit,10,0.001,0.9104
reddit,10,0.001,0.9066
flickr,5.0,0.1,0.2965
flickr,5.0,0.1,0.3844
reddit,10,0.001,0.9152
reddit,10,0.001,0.9108
=======
cora,10.0,0.1,0.5534
cora,10.0,0.1,0.7898
cora,10.0,0.1,0.6076
cora,10.0,0.1,0.7734
cora,10.0,0.1,0.6552
cora,10.0,0.1,0.7389
cora,10.0,0.1,0.5829
cora,10.0,0.1,0.7586
cora,10.0,0.1,0.6174
cora,10.0,0.1,0.7685
cora,10.0,0.1,0.6256
cora,10.0,0.1,0.7980
cora,10.0,0.1,0.6026
cora,10.0,0.1,0.7701
cora,10.0,0.1,0.6043
cora,10.0,0.1,0.7898
cora,10.0,0.1,0.6059
cora,10.0,0.1,0.7635
cora,10.0,0.1,0.6108
cora,10.0,0.1,0.7652
>>>>>>> 87c0a4c (added sampling with prob)
cora,1.0,0.1,0.3120
cora,1.0,0.1,0.3284
cora,1.0,0.001,0.7652
cora,1.0,0.001,0.3284
cora,1.0,0.0001,0.7521
cora,1.0,0.0001,0.3284
cora,10.0,0.0001,0.7438
cora,10.0,0.0001,0.3284
cora,10.0,0.0001,0.3908
cora,10.0,0.0001,0.7898
cora,10.0,0.0005,0.6355
cora,10.0,0.0005,0.7898
cora,10.0,0.0005,0.6273
cora,10.0,0.0005,0.7898
cora,10.0,0.001,0.7291
cora,10.0,0.001,0.7898
cora,10.0,0.002,0.7898
cora,10.0,0.002,0.7734
